accountNumber,agentId,totalDiskBytesReadPerSecond (Kbps),totalDiskBytesWrittenPerSecond (Kbps),totalDiskReadOpsPerSecond,totalDiskWriteOpsPerSecond,totalNetworkBytesReadPerSecond (Kbps),totalNetworkBytesWrittenPerSecond (Kbps),totalNumLogicalProcessors,totalNumCores,totalNumCpus,totalNumDisks,totalNumNetworkCards,totalCpuUsagePct,totalDiskSize (GB),totalDiskFreeSize (GB),totalRAM (MB),freeRAM (MB),timestamp
185946404262,o-1z8xtzcqe7w0fa28x,0.1458388671875,12.44560546875,0.0364596,1.36904,0.90999609375,3.578828125,1,1,1,1,5,2.51855,,,2001.70703125,108.3984375,2018-06-02 01:15:11
185946404262,o-1z8xtzcqe7w0fa28x,0.4553544921875,15.511328125,0.110523,1.42478,0.946078125,3.872763671875,1,1,1,1,5,2.79069,,,2001.70703125,108.87890625,2018-06-02 01:30:15
185946404262,o-1z8xtzcqe7w0fa28x,0.05404072265625,12.66298828125,0.0135102,1.34234,0.9237451171875,2.486708984375,1,1,1,1,5,2.37588,,,2001.70703125,103.17578125,2018-06-02 01:45:03
185946404262,o-1z8xtzcqe7w0fa28x,0.5523212890625,11.2560546875,0.0110489,1.24885,1.21376953125,3.032099609375,1,1,1,1,5,1.88827,,,2001.70703125,100.50390625,2018-06-02 02:00:07
185946404262,o-1z8xtzcqe7w0fa28x,2.171630859375,12.44091796875,0.17681,1.36762,0.94118359375,3.1147265625,1,1,1,1,5,2.37897,,,2001.70703125,101.93359375,2018-06-02 02:15:11
185946404262,o-1z8xtzcqe7w0fa28x,393.7353515625,44.53408203125,11.5748,1.64701,1.034384765625,7.46990234375,1,1,1,1,5,8.31205,,,2001.70703125,305.66015625,2018-06-02 02:30:00
185946404262,o-1z8xtzcqe7w0fa28x,16.15986328125,12.6330078125,1.57614,1.35508,0.9526416015625,3.396875,1,1,1,1,5,2.5275,,,2001.70703125,293.109375,2018-06-02 02:45:04
185946404262,o-1z8xtzcqe7w0fa28x,1.593994140625,11.5837890625,0.181541,1.29352,0.95160546875,2.599921875,1,1,1,1,5,1.91723,,,2001.70703125,282.2421875,2018-06-02 03:00:08
185946404262,o-1z8xtzcqe7w0fa28x,1.64658203125,12.93583984375,0.0874141,1.36484,0.981552734375,4.582783203125,1,1,1,1,5,2.60667,,,2001.70703125,278.61328125,2018-06-02 03:15:12
185946404262,o-1z8xtzcqe7w0fa28x,8.29041015625,12.55068359375,0.0829946,1.33663,1.458046875,27.19423828125,1,1,1,1,5,2.40494,,,2001.70703125,147.94140625,2018-06-02 03:45:05
185946404262,o-1z8xtzcqe7w0fa28x,140.5244140625,17.13408203125,7.888,1.48607,1.07521484375,3.69345703125,1,1,1,1,5,5.29278,,,2001.70703125,153.48046875,2018-06-02 03:30:01
185946404262,o-1z8xtzcqe7w0fa28x,1.465361328125,11.29091796875,0.0774649,1.26252,1.02203125,8.087080078125,1,1,1,1,5,1.8358,,,2001.70703125,155.0625,2018-06-02 04:00:09
185946404262,o-1z8xtzcqe7w0fa28x,64.00947265625,14.0701171875,5.20878,1.47125,1.481455078125,4.1940625,1,1,1,1,5,2.83392,,,2001.70703125,98.3125,2018-06-02 04:15:12
185946404262,o-1z8xtzcqe7w0fa28x,0.29663671875,15.62119140625,0.0482806,1.42967,0.9651376953125,2.677470703125,1,1,1,1,5,2.79928,,,2001.70703125,98.421875,2018-06-02 04:30:01
185946404262,o-1z8xtzcqe7w0fa28x,1.606591796875,12.52021484375,0.138307,1.34546,1.100126953125,4.220888671875,1,1,1,1,5,2.3832,,,2001.70703125,96.6484375,2018-06-02 04:45:05
185946404262,o-1z8xtzcqe7w0fa28x,1.406044921875,12.9580078125,0.111675,1.37156,1.185654296875,3.65703125,1,1,1,1,5,2.48786,,,2001.70703125,94.63671875,2018-06-02 05:45:06
185946404262,o-1z8xtzcqe7w0fa28x,1.987109375,19.937890625,0.165571,1.3358,1.105400390625,3.365380859375,1,1,1,1,5,2.58775,,,2001.70703125,154.18359375,2018-06-02 05:15:13
185946404262,o-1z8xtzcqe7w0fa28x,73.7916015625,28.0689453125,16.0359,1.94448,0.900375,9.113251953125,1,1,1,1,5,3.48692,,,2001.70703125,83.96875,2018-06-02 05:30:02
185946404262,o-1z8xtzcqe7w0fa28x,2.049375,11.20869140625,0.0840632,1.24119,1.349541015625,4.700009765625,1,1,1,1,5,1.81681,,,2001.70703125,93.8203125,2018-06-02 05:00:09
185946404262,o-1z8xtzcqe7w0fa28x,3192.3828125,57.54013671875,138.799,2.35664,0.8707314453125,4.000517578125,1,1,1,1,5,100.0,,,2001.70703125,83.5234375,2018-06-02 06:45:05
185946404262,o-1z8xtzcqe7w0fa28x,0.29587109375,11.85849609375,0.0110522,1.28985,0.8607685546875,2.54630859375,1,1,1,1,5,1.8655,,,2001.70703125,80.25,2018-06-02 06:00:10
185946404262,o-1z8xtzcqe7w0fa28x,1202.509765625,166.806640625,164.206,4.35021,4.854951171875,223.423828125,1,1,1,1,5,98.4474,,,2001.70703125,90.25390625,2018-06-02 06:15:02
185946404262,o-1z8xtzcqe7w0fa28x,2678.28125,77.140234375,145.426,3.2565,1.649306640625,48.087109375,1,1,1,1,5,99.8329,,,2001.70703125,89.64453125,2018-06-02 06:30:11
185946404262,o-1z8xtzcqe7w0fa28x,2596.2109375,124.2431640625,186.006,2.5184,0.966220703125,6.09248046875,1,1,1,1,5,99.8602,,,2001.70703125,65.859375,2018-06-02 07:00:14
185946404262,o-1z8xtzcqe7w0fa28x,313.380859375,23.37568359375,26.0377,1.57244,0.9169921875,4.9463671875,1,1,1,1,5,16.4353,,,2001.70703125,80.22265625,2018-06-02 07:15:04
185946404262,o-1z8xtzcqe7w0fa28x,70.1005859375,19.0857421875,8.09442,1.29614,1.100126953125,3.234306640625,1,1,1,1,5,1.98205,,,2001.70703125,70.29296875,2018-06-02 07:30:08
185946404262,o-1z8xtzcqe7w0fa28x,0.6907509765625,12.1048828125,0.0575618,1.28396,0.836517578125,2.543974609375,1,1,1,1,5,2.28645,,,2001.70703125,96.171875,2018-06-02 07:45:11
185946404262,o-1z8xtzcqe7w0fa28x,687.6806640625,45.089453125,23.295,1.65471,0.9500244140625,3.08923828125,1,1,1,1,5,9.4872,,,2001.70703125,313.109375,2018-06-02 08:30:07
185946404262,o-1z8xtzcqe7w0fa28x,0.80617578125,11.9125,0.0664315,1.27859,1.041357421875,3.119365234375,1,1,1,1,5,1.77263,,,2001.70703125,97.9765625,2018-06-02 08:00:00
185946404262,o-1z8xtzcqe7w0fa28x,0.870845703125,12.70283203125,0.0486541,1.32506,0.8254169921875,2.35046875,1,1,1,1,5,2.17234,,,2001.70703125,101.015625,2018-06-02 08:15:03
185946404262,o-1z8xtzcqe7w0fa28x,1.2835546875,12.7791015625,0.168891,1.27654,0.828537109375,2.532529296875,1,1,1,1,5,2.24312,,,2001.70703125,270.46484375,2018-06-02 09:15:02
185946404262,o-1z8xtzcqe7w0fa28x,68.08173828125,14.91787109375,4.09516,1.43427,1.154609375,2.873623046875,1,1,1,1,5,3.47052,,,2001.70703125,207.98828125,2018-06-02 09:30:06
185946404262,o-1z8xtzcqe7w0fa28x,29.01279296875,12.7521484375,2.41221,1.33277,1.055400390625,2.9132421875,1,1,1,1,5,2.36083,,,2001.70703125,283.92578125,2018-06-02 08:45:10
185946404262,o-1z8xtzcqe7w0fa28x,2.230888671875,11.38720703125,0.164927,1.20754,1.120849609375,4.00208984375,1,1,1,1,5,1.77742,,,2001.70703125,274.1875,2018-06-02 09:00:14
185946404262,o-1z8xtzcqe7w0fa28x,2.70822265625,13.44912109375,0.0531056,1.36789,1.058466796875,5.1760546875,1,1,1,1,5,2.33007,,,2001.70703125,176.9375,2018-06-02 10:45:08
185946404262,o-1z8xtzcqe7w0fa28x,2.076728515625,12.7306640625,0.177124,1.31624,0.8809697265625,2.3776171875,1,1,1,1,5,2.2436,,,2001.70703125,201.75390625,2018-06-02 09:45:09
185946404262,o-1z8xtzcqe7w0fa28x,1.066875,11.13955078125,0.0785828,1.19653,0.8606640625,3.176240234375,1,1,1,1,5,1.81232,,,2001.70703125,202.21484375,2018-06-02 10:00:13
185946404262,o-1z8xtzcqe7w0fa28x,17.0109375,13.19853515625,0.603358,1.34076,0.986796875,2.8440234375,1,1,1,1,5,2.2769,,,2001.70703125,183.66015625,2018-06-02 10:15:01
185946404262,o-1z8xtzcqe7w0fa28x,26.57333984375,16.15791015625,1.3594,1.51677,1.474560546875,21.71162109375,1,1,1,1,5,2.78457,,,2001.70703125,181.49609375,2018-06-02 10:30:05
185946404262,o-1z8xtzcqe7w0fa28x,809.525390625,120.9365234375,9.84803,2.22081,1.140654296875,86.068359375,1,1,1,1,5,7.19005,,,2001.70703125,113.609375,2018-06-02 11:15:02
185946404262,o-1z8xtzcqe7w0fa28x,1.399404296875,12.1189453125,0.120677,1.32166,0.948298828125,4.989287109375,1,1,1,1,5,1.71844,,,2001.70703125,178.12109375,2018-06-02 11:00:11
185946404262,o-1z8xtzcqe7w0fa28x,142.5537109375,16.776171875,3.32426,1.50698,0.86510546875,2.64419921875,1,1,1,1,5,5.582,,,2001.70703125,83.94921875,2018-06-02 11:30:09
185946404262,o-1z8xtzcqe7w0fa28x,1.902021484375,13.00009765625,0.147839,1.33162,0.8243203125,3.78998046875,1,1,1,1,5,3.36284,,,2001.70703125,90.51171875,2018-06-02 11:45:00
185946404262,o-1z8xtzcqe7w0fa28x,0.8145537109375,11.6345703125,0.058664,1.24295,0.8510478515625,3.06892578125,1,1,1,1,5,1.73029,,,2001.70703125,83.91015625,2018-06-02 12:00:04
185946404262,o-1z8xtzcqe7w0fa28x,5.029794921875,13.3923828125,0.141556,1.35316,1.024140625,2.505146484375,1,1,1,1,5,2.27425,,,2001.70703125,95.65625,2018-06-02 12:15:08
185946404262,o-1z8xtzcqe7w0fa28x,2.833017578125,12.5150390625,0.112097,1.27883,0.8310048828125,3.4274609375,1,1,1,1,5,3.45745,,,2001.70703125,85.3046875,2018-06-02 12:45:04
185946404262,o-1z8xtzcqe7w0fa28x,263.8046875,28.565234375,43.4169,1.71109,1.1172265625,9.117802734375,1,1,1,1,5,4.80261,,,2001.70703125,69.5625,2018-06-02 12:30:12
185946404262,o-1z8xtzcqe7w0fa28x,5.365810546875,15.8275390625,0.236378,1.53572,8.99630859375,15.6736328125,1,1,1,1,5,4.82869,,,2001.70703125,100.44140625,2018-06-02 13:45:02
185946404262,o-1z8xtzcqe7w0fa28x,10.42353515625,17.30126953125,0.518942,1.54926,8.01333984375,13.98408203125,1,1,1,1,5,4.80962,,,2001.70703125,99.1953125,2018-06-02 13:30:10
185946404262,o-1z8xtzcqe7w0fa28x,7.9831640625,14.19111328125,0.207295,1.46524,4.4807421875,9.302021484375,1,1,1,1,5,4.29808,,,2001.70703125,83.625,2018-06-02 13:00:11
185946404262,o-1z8xtzcqe7w0fa28x,8.8862109375,17.009765625,0.195026,1.71227,10.130859375,16.96142578125,1,1,1,1,5,4.93053,,,2001.70703125,63.84765625,2018-06-02 13:15:03
185946404262,o-1z8xtzcqe7w0fa28x,0.3088505859375,12.291015625,0.0154424,1.30317,1.584033203125,5.896328125,1,1,1,1,5,3.28386,,,2001.70703125,95.96875,2018-06-02 14:00:09
185946404262,o-1z8xtzcqe7w0fa28x,0.428841796875,12.5126953125,0.0176856,1.27677,0.8439609375,2.527978515625,1,1,1,1,5,2.93589,,,2001.70703125,95.46875,2018-06-02 14:15:14
185946404262,o-1z8xtzcqe7w0fa28x,384.15234375,29.36748046875,10.4276,1.58533,1.143251953125,3.284580078125,1,1,1,1,5,6.67731,,,2001.70703125,299.0234375,2018-06-02 14:30:03
185946404262,o-1z8xtzcqe7w0fa28x,136.7900390625,30.03916015625,6.14771,2.67305,34.49404296875,90.7259765625,1,1,1,1,5,9.42481,,,2001.70703125,186.0234375,2018-06-02 14:45:11
185946404262,o-1z8xtzcqe7w0fa28x,82.19296875,38.8578125,2.73646,3.48101,96.33017578125,183.8037109375,1,1,1,1,5,13.202,,,2001.70703125,120.3125,2018-06-02 15:00:04
185946404262,o-1z8xtzcqe7w0fa28x,1.56650390625,16.642578125,0.11143,1.58586,1.092470703125,2.774873046875,1,1,1,1,5,5.74698,,,2001.70703125,109.51171875,2018-06-02 15:15:10
185946404262,o-1z8xtzcqe7w0fa28x,271.42578125,16.09658203125,13.2241,1.48366,0.95489453125,2.568349609375,1,1,1,1,5,6.08649,,,2001.70703125,71.28515625,2018-06-02 15:30:00
185946404262,o-1z8xtzcqe7w0fa28x,7.4239453125,20.71767578125,0.397536,1.52714,0.9780078125,4.294326171875,1,1,1,1,5,10.5998,,,2001.70703125,71.13671875,2018-06-02 15:45:05
185946404262,o-1z8xtzcqe7w0fa28x,0.3572041015625,12.97109375,0.0760491,1.32821,0.925427734375,3.486201171875,1,1,1,1,5,3.19905,,,2001.70703125,105.5546875,2018-06-02 16:45:13
185946404262,o-1z8xtzcqe7w0fa28x,15.55498046875,17.71748046875,1.25966,1.6104,2.84958984375,54.816796875,1,1,1,1,5,3.92857,,,2001.70703125,94.421875,2018-06-02 16:00:11
185946404262,o-1z8xtzcqe7w0fa28x,0.85211328125,13.55234375,0.0751891,1.3465,1.23681640625,8.28162109375,1,1,1,1,5,3.20823,,,2001.70703125,83.546875,2018-06-02 16:15:02
185946404262,o-1z8xtzcqe7w0fa28x,5.45830078125,17.1138671875,0.173194,1.42641,0.9604951171875,2.534755859375,1,1,1,1,5,3.63393,,,2001.70703125,111.90625,2018-06-02 16:30:07
185946404262,o-1z8xtzcqe7w0fa28x,1.4718359375,12.1193359375,0.311868,1.24327,0.955033203125,2.632744140625,1,1,1,1,5,2.7198,,,2001.70703125,101.3671875,2018-06-02 17:00:04
185946404262,o-1z8xtzcqe7w0fa28x,11.9466796875,15.62685546875,0.839011,1.42984,0.8659990234375,3.489736328125,1,1,1,1,5,3.32598,,,2001.70703125,89.4453125,2018-06-02 17:30:13
185946404262,o-1z8xtzcqe7w0fa28x,6.229775390625,12.77529296875,0.178825,1.29379,1.059873046875,21.63916015625,1,1,1,1,5,3.38333,,,2001.70703125,77.73828125,2018-06-02 17:45:04
185946404262,o-1z8xtzcqe7w0fa28x,0.07085107421875,13.21396484375,0.00110705,1.36096,0.980791015625,3.754814453125,1,1,1,1,5,2.80758,,,2001.70703125,99.2421875,2018-06-02 17:15:08
185946404262,o-1z8xtzcqe7w0fa28x,1.518330078125,12.4123046875,0.0662311,1.29299,0.91890234375,6.2949609375,1,1,1,1,5,2.8589,,,2001.70703125,80.84765625,2018-06-02 18:00:10
185946404262,o-1z8xtzcqe7w0fa28x,0.9505390625,12.9037109375,0.0269082,1.28622,0.879087890625,4.45849609375,1,1,1,1,5,3.38123,,,2001.70703125,76.625,2018-06-02 18:15:01
185946404262,o-1z8xtzcqe7w0fa28x,2.771630859375,16.13798828125,0.135756,1.47036,1.105576171875,8.714169921875,1,1,1,1,5,3.82757,,,2001.70703125,95.796875,2018-06-02 18:30:06
185946404262,o-1z8xtzcqe7w0fa28x,2.1615234375,13.1166015625,0.0464135,1.3278,0.986044921875,7.36025390625,1,1,1,1,5,3.34044,,,2001.70703125,92.14453125,2018-06-02 18:45:13
185946404262,o-1z8xtzcqe7w0fa28x,0.2963466796875,11.45078125,0.00785386,1.2289,0.931576171875,4.116044921875,1,1,1,1,5,2.85778,,,2001.70703125,92.20703125,2018-06-02 19:00:04
185946404262,o-1z8xtzcqe7w0fa28x,63.95009765625,15.96943359375,14.9699,1.41064,0.8629287109375,2.68107421875,1,1,1,1,5,4.53631,,,2001.70703125,80.90625,2018-06-02 19:30:00
185946404262,o-1z8xtzcqe7w0fa28x,0.2253525390625,13.00087890625,0.0508193,1.28922,0.894791015625,2.419072265625,1,1,1,1,5,3.3211,,,2001.70703125,89.5546875,2018-06-02 19:15:09
185946404262,o-1z8xtzcqe7w0fa28x,0.008971962890625,12.88271484375,0.00224299,1.30798,0.865806640625,2.512998046875,1,1,1,1,5,3.35678,,,2001.70703125,78.2734375,2018-06-02 20:15:03
185946404262,o-1z8xtzcqe7w0fa28x,0.62115625,16.59541015625,0.100141,1.50283,1.028828125,4.282822265625,1,1,1,1,5,3.94785,,,2001.70703125,98.98828125,2018-06-02 20:30:09
185946404262,o-1z8xtzcqe7w0fa28x,5.898359375,13.123046875,0.283473,1.31996,0.9605791015625,2.94689453125,1,1,1,1,5,3.37209,,,2001.70703125,81.42578125,2018-06-02 19:45:06
185946404262,o-1z8xtzcqe7w0fa28x,0.72789453125,11.51298828125,0.076098,1.17096,0.8216904296875,2.711826171875,1,1,1,1,5,2.79604,,,2001.70703125,77.125,2018-06-02 20:00:12
185946404262,o-1z8xtzcqe7w0fa28x,0.0134708984375,12.88837890625,0.00224471,1.28206,0.831658203125,2.59765625,1,1,1,1,5,3.3131,,,2001.70703125,93.41796875,2018-06-02 20:45:00
185946404262,o-1z8xtzcqe7w0fa28x,0.141205078125,12.2734375,0.0121429,1.26153,1.30203125,3.359912109375,1,1,1,1,5,2.88624,,,2001.70703125,103.6953125,2018-06-02 21:00:06
185946404262,o-1z8xtzcqe7w0fa28x,0.690177734375,13.157421875,0.0386915,1.33219,0.845818359375,2.5467578125,1,1,1,1,5,3.08581,,,2001.70703125,94.8203125,2018-06-02 21:15:12
185946404262,o-1z8xtzcqe7w0fa28x,1.21232421875,13.49765625,0.0286732,1.34425,1.149619140625,7.27041015625,1,1,1,1,5,3.54966,,,2001.70703125,95.45703125,2018-06-02 21:45:09
185946404262,o-1z8xtzcqe7w0fa28x,2.9352734375,17.360546875,0.0840273,1.53598,4.21529296875,8.749501953125,1,1,1,1,5,4.17833,,,2001.70703125,102.1015625,2018-06-02 21:30:03
185946404262,o-1z8xtzcqe7w0fa28x,278.6240234375,980.263671875,35.9582,60.4617,1.215693359375,17.7494140625,1,1,1,1,5,11.4935,,,2001.70703125,218.2578125,2018-06-02 22:30:11
185946404262,o-1z8xtzcqe7w0fa28x,16.95625,13.191015625,1.59806,1.30785,0.9119375,2.789853515625,1,1,1,1,5,3.36616,,,2001.70703125,198.0390625,2018-06-02 22:45:02
185946404262,o-1z8xtzcqe7w0fa28x,1.116640625,11.86455078125,0.0459684,1.20507,0.9115703125,3.539873046875,1,1,1,1,5,2.77272,,,2001.70703125,105.83984375,2018-06-02 22:00:00
185946404262,o-1z8xtzcqe7w0fa28x,1.5694140625,13.25498046875,0.0771445,1.30485,0.92648828125,3.57248046875,1,1,1,1,5,3.47327,,,2001.70703125,98.1328125,2018-06-02 22:15:05
185946404262,o-1z8xtzcqe7w0fa28x,303.7431640625,20.17236328125,10.801,1.48892,0.9089755859375,2.477041015625,1,1,1,1,5,6.64305,,,2001.70703125,100.828125,2018-06-02 23:30:04
185946404262,o-1z8xtzcqe7w0fa28x,7.816181640625,13.60185546875,0.665917,1.35258,0.952013671875,3.684775390625,1,1,1,1,5,3.26047,,,2001.70703125,99.80078125,2018-06-02 23:45:10
185946404262,o-1z8xtzcqe7w0fa28x,3.60009765625,11.4447265625,0.184577,1.18796,0.9194150390625,3.419775390625,1,1,1,1,5,2.74331,,,2001.70703125,205.30859375,2018-06-02 23:00:07
185946404262,o-1z8xtzcqe7w0fa28x,2.24072265625,13.769921875,0.323014,1.36301,1.1717578125,3.291767578125,1,1,1,1,5,3.34715,,,2001.70703125,193.08984375,2018-06-02 23:15:13
185946404262,o-1z8xtzcqe7w0fa28x,3.4299609375,16.505859375,0.317055,1.51219,1.0431640625,4.984970703125,1,1,1,1,5,3.81798,,,2001.70703125,99.36328125,2018-06-03 00:30:12
185946404262,o-1z8xtzcqe7w0fa28x,1.402421875,12.5021484375,0.31248,1.30613,1.170830078125,4.174287109375,1,1,1,1,5,2.6713,,,2001.70703125,97.51953125,2018-06-03 00:00:01
185946404262,o-1z8xtzcqe7w0fa28x,0.9395859375,13.7234375,0.197404,1.37334,0.9351572265625,2.490673828125,1,1,1,1,5,3.3174,,,2001.70703125,90.625,2018-06-03 00:15:06
185946404262,o-1z8xtzcqe7w0fa28x,0.211912109375,14.1599609375,0.0474694,1.41554,1.273603515625,4.2447265625,1,1,1,1,5,3.49229,,,2001.70703125,106.15625,2018-06-03 01:45:11
185946404262,o-1z8xtzcqe7w0fa28x,1.082041015625,15.971484375,0.204149,1.46312,1.0423046875,3.2390625,1,1,1,1,5,3.61501,,,2001.70703125,90.76953125,2018-06-03 01:30:05
185946404262,o-1z8xtzcqe7w0fa28x,0.02691767578125,13.27509765625,0.00448675,1.31095,0.8715693359375,4.07705078125,1,1,1,1,5,3.38144,,,2001.70703125,96.5625,2018-06-03 00:45:03
185946404262,o-1z8xtzcqe7w0fa28x,45.35888671875,15.60634765625,0.471368,1.3118,2.31515625,104.677734375,1,1,1,1,5,2.90333,,,2001.70703125,76.45703125,2018-06-03 01:00:09
185946404262,o-1z8xtzcqe7w0fa28x,0.8443330078125,14.4732421875,0.0541011,1.44465,1.14205078125,3.367763671875,1,1,1,1,5,3.14591,,,2001.70703125,88.55859375,2018-06-03 01:15:14
185946404262,o-1z8xtzcqe7w0fa28x,0.017966796875,12.41630859375,0.00336915,1.28812,1.08029296875,4.320458984375,1,1,1,1,5,2.71032,,,2001.70703125,99.80078125,2018-06-03 02:00:01
185946404262,o-1z8xtzcqe7w0fa28x,0.7634150390625,13.81513671875,0.163174,1.3433,1.07853515625,2.946044921875,1,1,1,1,5,3.40046,,,2001.70703125,100.49609375,2018-06-03 02:15:07
185946404262,o-1z8xtzcqe7w0fa28x,6.771103515625,14.78896484375,0.11112,1.42758,1.842412109375,9.84716796875,1,1,1,1,5,3.89655,,,2001.70703125,97.15625,2018-06-03 02:45:05
185946404262,o-1z8xtzcqe7w0fa28x,6.9901953125,16.7314453125,0.297795,1.5185,1.421298828125,10.0869140625,1,1,1,1,5,3.96238,,,2001.70703125,100.0390625,2018-06-03 02:30:14
185946404262,o-1z8xtzcqe7w0fa28x,0.33596484375,17.44375,0.0066319,1.51214,0.9389892578125,2.504697265625,1,1,1,1,5,2.74663,,,2001.70703125,95.640625,2018-06-03 03:30:07
185946404262,o-1z8xtzcqe7w0fa28x,0.9341630859375,13.09716796875,0.068643,1.27955,0.8095322265625,3.2877734375,1,1,1,1,5,2.27517,,,2001.70703125,98.20703125,2018-06-03 03:45:10
185946404262,o-1z8xtzcqe7w0fa28x,0.6968828125,12.658203125,0.0286874,1.24863,1.020859375,3.281328125,1,1,1,1,5,3.10778,,,2001.70703125,100.0234375,2018-06-03 03:00:12
185946404262,o-1z8xtzcqe7w0fa28x,4.465732421875,13.21201171875,0.179184,1.28022,1.12765625,9.385126953125,1,1,1,1,5,3.05957,,,2001.70703125,93.17578125,2018-06-03 03:15:03
185946404262,o-1z8xtzcqe7w0fa28x,1.42162109375,11.9146484375,0.0653235,1.19879,0.817388671875,2.450986328125,1,1,1,1,5,1.74827,,,2001.70703125,96.52734375,2018-06-03 04:00:14
185946404262,o-1z8xtzcqe7w0fa28x,0.982021484375,16.1580078125,0.0763334,1.43483,0.9390625,2.7517578125,1,1,1,1,5,2.74091,,,2001.70703125,94.58984375,2018-06-03 04:30:07
185946404262,o-1z8xtzcqe7w0fa28x,63.84951171875,17.72080078125,3.82514,1.46419,1.41865234375,10.7611328125,1,1,1,1,5,2.87688,,,2001.70703125,77.19140625,2018-06-03 04:15:03
185946404262,o-1z8xtzcqe7w0fa28x,0.09742724609375,12.79658203125,0.0066428,1.32566,0.87298828125,3.92822265625,1,1,1,1,5,2.40289,,,2001.70703125,100.65625,2018-06-03 04:45:10
185946404262,o-1z8xtzcqe7w0fa28x,0.0,11.413671875,0.0,1.15732,0.8381337890625,2.456728515625,1,1,1,1,5,1.88744,,,2001.70703125,96.6328125,2018-06-03 05:00:14
185946404262,o-1z8xtzcqe7w0fa28x,21.70283203125,13.49580078125,1.61478,1.31521,0.8689658203125,2.8990625,1,1,1,1,5,3.71752,,,2001.70703125,239.63671875,2018-06-03 05:45:14
185946404262,o-1z8xtzcqe7w0fa28x,0.5930810546875,12.29990234375,0.0539326,1.22674,0.7555751953125,2.953115234375,1,1,1,1,5,2.53712,,,2001.70703125,100.2109375,2018-06-03 05:15:04
185946404262,o-1z8xtzcqe7w0fa28x,341.341796875,38.08056640625,26.3762,2.14282,1.018212890625,2.48828125,1,1,1,1,5,8.58193,,,2001.70703125,261.64453125,2018-06-03 05:30:08
185946404262,o-1z8xtzcqe7w0fa28x,56.10703125,14.27890625,1.19049,1.38417,2.569267578125,85.96728515625,1,1,1,1,5,4.43927,,,2001.70703125,177.7421875,2018-06-03 06:15:14
185946404262,o-1z8xtzcqe7w0fa28x,197.3515625,20.20927734375,9.40844,1.47873,0.9290791015625,2.77212890625,1,1,1,1,5,8.74325,,,2001.70703125,90.42578125,2018-06-03 06:30:06
185946404262,o-1z8xtzcqe7w0fa28x,1.234482421875,13.27900390625,0.0759706,1.28228,1.552880859375,23.70576171875,1,1,1,1,5,3.69995,,,2001.70703125,88.25390625,2018-06-03 06:45:13
185946404262,o-1z8xtzcqe7w0fa28x,0.64988671875,11.59365234375,0.0515614,1.14371,0.973345703125,3.36314453125,1,1,1,1,5,3.1115,,,2001.70703125,234.6328125,2018-06-03 06:00:06
185946404262,o-1z8xtzcqe7w0fa28x,0.1544208984375,13.7595703125,0.0242661,1.29436,0.91498828125,2.4726953125,1,1,1,1,5,3.75422,,,2001.70703125,99.82421875,2018-06-03 07:45:10
185946404262,o-1z8xtzcqe7w0fa28x,1.059912109375,13.5982421875,0.122441,1.30155,0.8681318359375,2.901328125,1,1,1,1,5,3.6109,,,2001.70703125,99.046875,2018-06-03 07:15:11
185946404262,o-1z8xtzcqe7w0fa28x,0.736072265625,12.22998046875,0.0280519,1.25681,0.8890361328125,2.479091796875,1,1,1,1,5,3.26498,,,2001.70703125,96.48828125,2018-06-03 07:30:03
185946404262,o-1z8xtzcqe7w0fa28x,0.470646484375,12.70517578125,0.0896635,1.29338,0.7838388671875,2.342607421875,1,1,1,1,5,3.18462,,,2001.70703125,101.01171875,2018-06-03 07:00:05
185946404262,o-1z8xtzcqe7w0fa28x,0.215966796875,13.40390625,0.0132214,1.26012,0.7687880859375,2.935029296875,1,1,1,1,5,3.59801,,,2001.70703125,98.66015625,2018-06-03 08:15:09
185946404262,o-1z8xtzcqe7w0fa28x,0.5880537109375,16.391015625,0.10999,1.44796,0.9180048828125,2.540380859375,1,1,1,1,5,4.01643,,,2001.70703125,93.65625,2018-06-03 08:30:01
185946404262,o-1z8xtzcqe7w0fa28x,0.1631044921875,12.97216796875,0.040776,1.25269,0.772640625,2.345322265625,1,1,1,1,5,3.50528,,,2001.70703125,92.51171875,2018-06-03 08:45:08
185946404262,o-1z8xtzcqe7w0fa28x,0.9601875,11.67255859375,0.0616958,1.1773,0.853123046875,3.76529296875,1,1,1,1,5,3.06458,,,2001.70703125,98.828125,2018-06-03 08:00:02
185946404262,o-1z8xtzcqe7w0fa28x,0.64061328125,12.38388671875,0.0430659,1.20879,0.7828818359375,2.9555078125,1,1,1,1,5,3.00953,,,2001.70703125,94.76171875,2018-06-03 09:00:14
185946404262,o-1z8xtzcqe7w0fa28x,2.748662109375,13.43251953125,0.271275,1.29961,0.9141904296875,3.59521484375,1,1,1,1,5,3.60103,,,2001.70703125,98.75,2018-06-03 09:15:06
185946404262,o-1z8xtzcqe7w0fa28x,0.9215546875,16.0453125,0.120221,1.41022,0.819177734375,2.636669921875,1,1,1,1,5,3.99503,,,2001.70703125,97.60546875,2018-06-03 09:30:14
185946404262,o-1z8xtzcqe7w0fa28x,0.9145419921875,12.80361328125,0.0414725,1.25567,0.8234912109375,3.005546875,1,1,1,1,5,3.72945,,,2001.70703125,94.16796875,2018-06-03 09:45:06
185946404262,o-1z8xtzcqe7w0fa28x,5.428017578125,12.1560546875,0.198262,1.20029,0.8045791015625,3.075810546875,1,1,1,1,5,3.04374,,,2001.70703125,92.0,2018-06-03 10:00:12
185946404262,o-1z8xtzcqe7w0fa28x,0.87781640625,16.362890625,0.052933,1.45379,0.9629658203125,2.4322265625,1,1,1,1,5,3.98855,,,2001.70703125,99.9765625,2018-06-03 10:30:11
185946404262,o-1z8xtzcqe7w0fa28x,0.0,13.49541015625,0.0,1.2778,0.8441416015625,2.352724609375,1,1,1,1,5,3.85311,,,2001.70703125,98.8359375,2018-06-03 10:45:03
185946404262,o-1z8xtzcqe7w0fa28x,2.3443359375,16.8841796875,0.177071,1.42824,1.41251953125,6.20125,1,1,1,1,5,3.83491,,,2001.70703125,105.890625,2018-06-03 10:15:04
185946404262,o-1z8xtzcqe7w0fa28x,21.03662109375,16.4548828125,2.38248,1.38994,0.9090166015625,2.996611328125,1,1,1,1,5,4.01667,,,2001.70703125,78.02734375,2018-06-03 11:30:09
185946404262,o-1z8xtzcqe7w0fa28x,0.8422060546875,13.21611328125,0.0896714,1.23445,0.8213251953125,3.1901953125,1,1,1,1,5,3.55288,,,2001.70703125,76.76953125,2018-06-03 11:45:01
185946404262,o-1z8xtzcqe7w0fa28x,1.252119140625,12.30595703125,0.0694007,1.21868,0.833658203125,4.1620703125,1,1,1,1,5,3.15835,,,2001.70703125,96.08984375,2018-06-03 11:00:10
185946404262,o-1z8xtzcqe7w0fa28x,804.55859375,124.138671875,10.8593,2.3285,1.247978515625,89.37509765625,1,1,1,1,5,12.4586,,,2001.70703125,102.98046875,2018-06-03 11:15:03
185946404262,o-1z8xtzcqe7w0fa28x,4.131123046875,13.7966796875,0.0718003,1.31532,1.002373046875,9.81279296875,1,1,1,1,5,3.00631,,,2001.70703125,73.0703125,2018-06-03 12:45:12
185946404262,o-1z8xtzcqe7w0fa28x,4.931708984375,11.88076171875,0.169824,1.18407,0.7974833984375,2.402021484375,1,1,1,1,5,3.098,,,2001.70703125,76.1171875,2018-06-03 12:00:08
185946404262,o-1z8xtzcqe7w0fa28x,1.026162109375,14.12421875,0.070559,1.3765,1.11474609375,3.9631640625,1,1,1,1,5,3.76318,,,2001.70703125,75.0859375,2018-06-03 12:15:00
185946404262,o-1z8xtzcqe7w0fa28x,244.2080078125,32.99814453125,38.3608,1.84695,0.94679296875,2.595146484375,1,1,1,1,5,7.14076,,,2001.70703125,70.7734375,2018-06-03 12:30:07
185946404262,o-1z8xtzcqe7w0fa28x,147.4384765625,126.0810546875,3.4179,2.17481,0.7852626953125,2.357919921875,1,1,1,1,5,7.25377,,,2001.70703125,316.828125,2018-06-03 13:00:02
185946404262,o-1z8xtzcqe7w0fa28x,5.51623046875,13.559375,0.333657,1.31841,0.8096943359375,2.3506640625,1,1,1,1,5,2.41521,,,2001.70703125,303.046875,2018-06-03 13:15:06
185946404262,o-1z8xtzcqe7w0fa28x,540.359375,22.30322265625,14.8396,1.64129,0.99263671875,3.055546875,1,1,1,1,5,7.91873,,,2001.70703125,286.05078125,2018-06-03 13:30:10
185946404262,o-1z8xtzcqe7w0fa28x,32.73037109375,14.10830078125,2.1589,1.37085,0.8946591796875,3.1804296875,1,1,1,1,5,2.49387,,,2001.70703125,258.88671875,2018-06-03 13:45:14
185946404262,o-1z8xtzcqe7w0fa28x,4.251650390625,12.71513671875,0.210094,1.29355,0.931236328125,7.960009765625,1,1,1,1,5,1.87012,,,2001.70703125,254.59375,2018-06-03 14:00:03
185946404262,o-1z8xtzcqe7w0fa28x,0.092815625,13.73740234375,0.0121584,1.30759,0.8292958984375,2.382666015625,1,1,1,1,5,2.26212,,,2001.70703125,250.68359375,2018-06-03 14:15:07
185946404262,o-1z8xtzcqe7w0fa28x,93.35361328125,17.52138671875,5.4898,1.53178,1.516025390625,3.69578125,1,1,1,1,5,3.61206,,,2001.70703125,172.171875,2018-06-03 14:30:11
185946404262,o-1z8xtzcqe7w0fa28x,0.1461142578125,14.094921875,0.0365286,1.35975,1.453173828125,2.749208984375,1,1,1,1,5,2.37316,,,2001.70703125,165.98046875,2018-06-03 14:45:14
185946404262,o-1z8xtzcqe7w0fa28x,8.3236328125,14.05869140625,0.322072,1.37773,1.16189453125,10.4181640625,1,1,1,1,5,2.33978,,,2001.70703125,142.2890625,2018-06-03 15:45:14
185946404262,o-1z8xtzcqe7w0fa28x,0.95180078125,16.42568359375,0.12615,1.42852,1.140517578125,3.43146484375,1,1,1,1,5,2.67826,,,2001.70703125,145.6953125,2018-06-03 15:30:11
185946404262,o-1z8xtzcqe7w0fa28x,5.9980078125,12.49052734375,0.332936,1.23661,0.81923828125,9.287783203125,1,1,1,1,5,1.81345,,,2001.70703125,149.46484375,2018-06-03 15:00:03
185946404262,o-1z8xtzcqe7w0fa28x,1.42498046875,13.75869140625,0.11506,1.28229,0.9237265625,2.272705078125,1,1,1,1,5,2.2823,,,2001.70703125,147.80078125,2018-06-03 15:15:07
185946404262,o-1z8xtzcqe7w0fa28x,0.423435546875,12.63818359375,0.0078831,1.23328,0.956302734375,2.645732421875,1,1,1,1,5,1.76923,,,2001.70703125,135.6328125,2018-06-03 16:00:03
185946404262,o-1z8xtzcqe7w0fa28x,0.4740625,13.05498046875,0.0219473,1.2533,0.8427958984375,2.458525390625,1,1,1,1,5,2.32418,,,2001.70703125,136.24609375,2018-06-03 16:15:07
185946404262,o-1z8xtzcqe7w0fa28x,1.09279296875,16.61201171875,0.0707606,1.36761,0.9424296875,4.955615234375,1,1,1,1,5,2.73166,,,2001.70703125,136.8125,2018-06-03 16:30:11
185946404262,o-1z8xtzcqe7w0fa28x,0.6114150390625,13.891015625,0.134866,1.37505,0.98234375,4.272021484375,1,1,1,1,5,2.46459,,,2001.70703125,137.296875,2018-06-03 16:45:00
185946404262,o-1z8xtzcqe7w0fa28x,1.0210546875,13.4712890625,0.023614,1.32655,0.965939453125,3.127392578125,1,1,1,1,5,2.32883,,,2001.70703125,124.7421875,2018-06-03 17:45:01
185946404262,o-1z8xtzcqe7w0fa28x,0.1062529296875,12.6685546875,0.0232415,1.24335,0.94412890625,2.677265625,1,1,1,1,5,1.91956,,,2001.70703125,132.97265625,2018-06-03 17:00:04
185946404262,o-1z8xtzcqe7w0fa28x,2.12958984375,14.308203125,0.257916,1.38487,1.019638671875,4.2437890625,1,1,1,1,5,2.49308,,,2001.70703125,146.328125,2018-06-03 17:15:08
185946404262,o-1z8xtzcqe7w0fa28x,6.62046875,16.75048828125,0.174808,1.43037,1.4399609375,11.883984375,1,1,1,1,5,2.85014,,,2001.70703125,126.65625,2018-06-03 17:30:12
185946404262,o-1z8xtzcqe7w0fa28x,22.15341796875,13.208203125,0.200836,1.32043,2.413486328125,58.1166015625,1,1,1,1,5,2.02525,,,2001.70703125,100.09375,2018-06-03 18:00:05
185946404262,o-1z8xtzcqe7w0fa28x,6.735439453125,25.1533203125,0.44238,1.49095,0.94256640625,2.4736328125,1,1,1,1,5,5.50329,,,2001.70703125,359.421875,2018-06-03 18:30:13
185946404262,o-1z8xtzcqe7w0fa28x,18.694921875,14.184765625,1.0219,1.35236,1.107509765625,17.6458984375,1,1,1,1,5,2.57944,,,2001.70703125,343.2421875,2018-06-03 18:45:02
185946404262,o-1z8xtzcqe7w0fa28x,0.0,14.2955078125,0.0,1.38305,1.045205078125,3.6419921875,1,1,1,1,5,2.34428,,,2001.70703125,100.0546875,2018-06-03 18:15:09
185946404262,o-1z8xtzcqe7w0fa28x,1.50556640625,14.01728515625,0.128405,1.34483,0.958669921875,3.760498046875,1,1,1,1,5,2.39293,,,2001.70703125,324.71484375,2018-06-03 19:15:10
185946404262,o-1z8xtzcqe7w0fa28x,3.170732421875,12.96533203125,0.145029,1.32561,0.99546875,9.84765625,1,1,1,1,5,1.84039,,,2001.70703125,331.17578125,2018-06-03 19:00:06
185946404262,o-1z8xtzcqe7w0fa28x,184.201171875,15.6767578125,20.8156,1.40084,0.952791015625,3.702880859375,1,1,1,1,5,4.42126,,,2001.70703125,155.55078125,2018-06-03 19:30:13
185946404262,o-1z8xtzcqe7w0fa28x,0.1665927734375,14.17001953125,0.0393969,1.35626,1.0355078125,2.636904296875,1,1,1,1,5,2.51793,,,2001.70703125,156.015625,2018-06-03 19:45:03
185946404262,o-1z8xtzcqe7w0fa28x,2.028173828125,12.86025390625,0.112923,1.31445,1.0489453125,4.326455078125,1,1,1,1,5,1.83353,,,2001.70703125,149.1875,2018-06-03 20:00:06
185946404262,o-1z8xtzcqe7w0fa28x,0.198982421875,14.0505859375,0.0387301,1.35329,1.145986328125,3.404501953125,1,1,1,1,5,3.05209,,,2001.70703125,143.90625,2018-06-03 20:15:12
185946404262,o-1z8xtzcqe7w0fa28x,0.52487890625,16.783984375,0.13122,1.40939,0.9587470703125,9.510751953125,1,1,1,1,5,4.06436,,,2001.70703125,140.2421875,2018-06-03 20:30:04
185946404262,o-1z8xtzcqe7w0fa28x,0.0,13.2138671875,0.0,1.30185,0.8667001953125,3.03748046875,1,1,1,1,5,3.58666,,,2001.70703125,133.1015625,2018-06-03 21:45:10
185946404262,o-1z8xtzcqe7w0fa28x,0.286658203125,13.68447265625,0.00661519,1.29164,1.0661328125,2.699609375,1,1,1,1,5,3.69781,,,2001.70703125,141.0625,2018-06-03 20:45:11
185946404262,o-1z8xtzcqe7w0fa28x,0.0,12.7431640625,0.0,1.25669,0.9404638671875,2.5092578125,1,1,1,1,5,3.11323,,,2001.70703125,138.79296875,2018-06-03 21:00:03
185946404262,o-1z8xtzcqe7w0fa28x,0.0,13.84521484375,0.0,1.35952,1.120986328125,4.225556640625,1,1,1,1,5,3.62666,,,2001.70703125,135.2734375,2018-06-03 21:15:10
185946404262,o-1z8xtzcqe7w0fa28x,0.26875390625,16.89169921875,0.00447924,1.38437,1.07619140625,2.614208984375,1,1,1,1,5,4.12078,,,2001.70703125,132.015625,2018-06-03 21:30:02
185946404262,o-1z8xtzcqe7w0fa28x,4.59044921875,13.86943359375,0.257686,1.3808,1.1243359375,2.783427734375,1,1,1,1,5,2.3106,,,2001.70703125,199.29296875,2018-06-03 22:45:00
185946404262,o-1z8xtzcqe7w0fa28x,0.0,12.527734375,0.0,1.2282,0.8724541015625,2.47767578125,1,1,1,1,5,3.10557,,,2001.70703125,130.890625,2018-06-03 22:00:02
185946404262,o-1z8xtzcqe7w0fa28x,0.422990234375,13.70634765625,0.039652,1.32414,1.222861328125,3.7976953125,1,1,1,1,5,3.01829,,,2001.70703125,129.40234375,2018-06-03 22:15:07
185946404262,o-1z8xtzcqe7w0fa28x,140.626953125,966.4873046875,24.3996,43.1258,1.22103515625,25.06904296875,1,1,1,1,5,4.85051,,,2001.70703125,202.59375,2018-06-03 22:30:11
185946404262,o-1z8xtzcqe7w0fa28x,88.24990234375,33.8736328125,3.03143,1.66036,2.579423828125,59.707421875,1,1,1,1,5,3.60063,,,2001.70703125,145.671875,2018-06-03 23:30:11
185946404262,o-1z8xtzcqe7w0fa28x,0.0,12.1763671875,0.0,1.205,0.914169921875,8.83033203125,1,1,1,1,5,1.80842,,,2001.70703125,197.6171875,2018-06-03 23:00:04
185946404262,o-1z8xtzcqe7w0fa28x,2.003125,14.2984375,0.359117,1.40023,0.8628388671875,3.60658203125,1,1,1,1,5,2.33335,,,2001.70703125,142.0234375,2018-06-03 23:45:00
185946404262,o-1z8xtzcqe7w0fa28x,40.06328125,14.67880859375,0.839897,1.40931,1.445947265625,64.01669921875,1,1,1,1,5,2.4401,,,2001.70703125,157.19140625,2018-06-03 23:15:07
185946404262,o-1z8xtzcqe7w0fa28x,1.51728515625,16.7720703125,0.101743,1.42042,1.076455078125,4.02837890625,1,1,1,1,5,2.72393,,,2001.70703125,135.4921875,2018-06-04 00:30:12
185946404262,o-1z8xtzcqe7w0fa28x,0.8587509765625,12.13720703125,0.183698,1.21732,0.8394462890625,2.41541015625,1,1,1,1,5,1.76225,,,2001.70703125,136.69921875,2018-06-04 00:00:04
185946404262,o-1z8xtzcqe7w0fa28x,0.0,14.1294921875,0.0,1.32759,0.98388671875,3.4112109375,1,1,1,1,5,2.42179,,,2001.70703125,128.5625,2018-06-04 00:45:01
185946404262,o-1z8xtzcqe7w0fa28x,1.13134765625,14.52939453125,0.248587,1.38881,0.9998046875,4.77076171875,1,1,1,1,5,2.49353,,,2001.70703125,139.29296875,2018-06-04 00:15:08
185946404262,o-1z8xtzcqe7w0fa28x,4.043671875,16.91494140625,0.168177,1.58505,5.36625,6.91642578125,1,1,1,1,5,2.81594,,,2001.70703125,116.35546875,2018-06-04 01:15:09
185946404262,o-1z8xtzcqe7w0fa28x,1.4522265625,16.77734375,0.221385,1.39629,1.014130859375,3.479384765625,1,1,1,1,5,2.67908,,,2001.70703125,115.0234375,2018-06-04 01:30:13
185946404262,o-1z8xtzcqe7w0fa28x,6.230498046875,13.32509765625,0.74725,1.28495,1.016220703125,3.586787109375,1,1,1,1,5,2.01727,,,2001.70703125,126.796875,2018-06-04 01:00:05
185946404262,o-1z8xtzcqe7w0fa28x,0.0,14.0369140625,0.0,1.33704,0.9271298828125,2.59515625,1,1,1,1,5,2.37586,,,2001.70703125,105.02734375,2018-06-04 02:45:02
185946404262,o-1z8xtzcqe7w0fa28x,0.171080078125,14.51728515625,0.0371521,1.32202,0.8292373046875,2.415439453125,1,1,1,1,5,2.71647,,,2001.70703125,114.8828125,2018-06-04 01:45:02
185946404262,o-1z8xtzcqe7w0fa28x,0.0,12.84248046875,0.0,1.26695,0.982509765625,2.710537109375,1,1,1,1,5,1.78489,,,2001.70703125,114.3984375,2018-06-04 02:00:06
185946404262,o-1z8xtzcqe7w0fa28x,1.02173828125,14.8861328125,0.158035,1.41614,1.22001953125,3.682490234375,1,1,1,1,5,2.44975,,,2001.70703125,109.22265625,2018-06-04 02:15:09
185946404262,o-1z8xtzcqe7w0fa28x,1.026005859375,16.9857421875,0.070784,1.42078,1.281025390625,4.766064453125,1,1,1,1,5,2.76404,,,2001.70703125,106.74609375,2018-06-04 02:30:13
185946404262,o-1z8xtzcqe7w0fa28x,0.0,13.19716796875,0.0,1.30997,1.008515625,3.4628125,1,1,1,1,5,1.83378,,,2001.70703125,107.375,2018-06-04 03:00:06
185946404262,o-1z8xtzcqe7w0fa28x,0.1903701171875,13.598046875,0.00885461,1.27231,0.986572265625,3.020888671875,1,1,1,1,5,2.42447,,,2001.70703125,102.6171875,2018-06-04 03:15:10
185946404262,o-1z8xtzcqe7w0fa28x,228.10546875,46.192578125,12.319,1.62822,1.105615234375,3.2773828125,1,1,1,1,5,6.70254,,,2001.70703125,299.3359375,2018-06-04 03:30:14
185946404262,o-1z8xtzcqe7w0fa28x,0.0044203515625,12.798046875,0.00110509,1.22741,0.874595703125,2.449482421875,1,1,1,1,5,1.88975,,,2001.70703125,288.2265625,2018-06-04 04:00:07
185946404262,o-1z8xtzcqe7w0fa28x,73.78193359375,16.08203125,7.86803,1.44852,1.612333984375,4.1746484375,1,1,1,1,5,3.08371,,,2001.70703125,230.90625,2018-06-04 04:15:11
185946404262,o-1z8xtzcqe7w0fa28x,110.58984375,16.54521484375,6.17286,1.41508,1.398271484375,3.30337890625,1,1,1,1,5,4.32801,,,2001.70703125,139.94140625,2018-06-04 04:30:00
185946404262,o-1z8xtzcqe7w0fa28x,10.58740234375,13.93525390625,1.0657,1.33229,0.8205048828125,3.190771484375,1,1,1,1,5,2.44927,,,2001.70703125,291.38671875,2018-06-04 03:45:03
185946404262,o-1z8xtzcqe7w0fa28x,1.101796875,13.91162109375,0.0707842,1.32983,0.863693359375,3.448017578125,1,1,1,1,5,2.38296,,,2001.70703125,137.03515625,2018-06-04 04:45:03
185946404262,o-1z8xtzcqe7w0fa28x,50.60185546875,29.26875,11.8184,1.89361,0.8617578125,2.30552734375,1,1,1,1,5,3.44775,,,2001.70703125,97.91796875,2018-06-04 05:30:00
185946404262,o-1z8xtzcqe7w0fa28x,1.089326171875,13.876953125,0.0476012,1.3154,0.905873046875,3.815791015625,1,1,1,1,5,2.34634,,,2001.70703125,100.7734375,2018-06-04 05:45:04
185946404262,o-1z8xtzcqe7w0fa28x,0.03099228515625,12.77333984375,0.00774806,1.25034,0.817220703125,2.39111328125,1,1,1,1,5,1.78386,,,2001.70703125,135.984375,2018-06-04 05:00:07
185946404262,o-1z8xtzcqe7w0fa28x,0.146119140625,13.41630859375,0.0365297,1.28767,0.853466796875,2.411494140625,1,1,1,1,5,2.39902,,,2001.70703125,133.72265625,2018-06-04 05:15:11
185946404262,o-1z8xtzcqe7w0fa28x,0.09726044921875,14.08056640625,0.00883991,1.29085,0.8009482421875,2.4146484375,1,1,1,1,5,2.50525,,,2001.70703125,98.5390625,2018-06-04 06:45:05
185946404262,o-1z8xtzcqe7w0fa28x,49.7982421875,14.57763671875,0.405605,1.40564,2.416748046875,86.43603515625,1,1,1,1,5,2.66882,,,2001.70703125,71.96484375,2018-06-04 06:15:12
185946404262,o-1z8xtzcqe7w0fa28x,5.926201171875,23.97138671875,0.120446,1.47458,0.988740234375,11.47744140625,1,1,1,1,5,2.78988,,,2001.70703125,97.6640625,2018-06-04 06:30:01
185946404262,o-1z8xtzcqe7w0fa28x,0.088567578125,13.00615234375,0.00553543,1.27356,0.9413701171875,2.5030859375,1,1,1,1,5,1.87566,,,2001.70703125,91.02734375,2018-06-04 06:00:08
185946404262,o-1z8xtzcqe7w0fa28x,0.3628271484375,14.97626953125,0.0387294,1.37816,1.069580078125,2.729599609375,1,1,1,1,5,2.46907,,,2001.70703125,98.03125,2018-06-04 07:15:14
185946404262,o-1z8xtzcqe7w0fa28x,0.5437080078125,16.78779296875,0.012357,1.39226,0.9413662109375,12.63349609375,1,1,1,1,5,2.86909,,,2001.70703125,97.7265625,2018-06-04 07:30:03
185946404262,o-1z8xtzcqe7w0fa28x,0.13698046875,14.399609375,0.0342451,1.34043,0.83543359375,2.316171875,1,1,1,1,5,2.45377,,,2001.70703125,96.8125,2018-06-04 07:45:07
185946404262,o-1z8xtzcqe7w0fa28x,0.7303974609375,13.03623046875,0.0564198,1.29099,0.881693359375,3.350458984375,1,1,1,1,5,1.89296,,,2001.70703125,99.9375,2018-06-04 07:00:09
185946404262,o-1z8xtzcqe7w0fa28x,10.2470703125,13.69521484375,0.393004,1.35393,1.23021484375,5.362470703125,1,1,1,1,5,2.03918,,,2001.70703125,86.3828125,2018-06-04 08:00:11
185946404262,o-1z8xtzcqe7w0fa28x,0.1395302734375,16.58486328125,0.0146254,1.34167,0.893115234375,2.692646484375,1,1,1,1,5,2.48719,,,2001.70703125,96.8671875,2018-06-04 08:15:00
185946404262,o-1z8xtzcqe7w0fa28x,68.93818359375,25.9970703125,6.51319,1.5721,0.988349609375,2.51037109375,1,1,1,1,5,5.96816,,,2001.70703125,320.33203125,2018-06-04 08:30:04
185946404262,o-1z8xtzcqe7w0fa28x,18.5609375,15.1298828125,1.04607,1.47068,1.404560546875,11.51767578125,1,1,1,1,5,2.67796,,,2001.70703125,328.5,2018-06-04 08:45:08
185946404262,o-1z8xtzcqe7w0fa28x,2.473916015625,14.498046875,0.333036,1.35156,1.154638671875,5.155859375,1,1,1,1,5,2.5599,,,2001.70703125,297.83984375,2018-06-04 09:15:01
185946404262,o-1z8xtzcqe7w0fa28x,73.406640625,18.322265625,3.74276,1.45353,0.980751953125,2.9757421875,1,1,1,1,5,4.27689,,,2001.70703125,233.37109375,2018-06-04 09:30:05
185946404262,o-1z8xtzcqe7w0fa28x,4.20435546875,14.34912109375,0.225685,1.34411,1.626259765625,8.065791015625,1,1,1,1,5,2.55164,,,2001.70703125,231.65234375,2018-06-04 09:45:09
185946404262,o-1z8xtzcqe7w0fa28x,0.67248828125,12.8173828125,0.112843,1.24482,0.804080078125,2.87896484375,1,1,1,1,5,1.73224,,,2001.70703125,301.453125,2018-06-04 09:00:12
185946404262,o-1z8xtzcqe7w0fa28x,0.92088671875,17.174609375,0.0807893,1.46676,0.9453447265625,2.630107421875,1,1,1,1,5,2.70207,,,2001.70703125,229.5234375,2018-06-04 10:30:06
185946404262,o-1z8xtzcqe7w0fa28x,0.0,13.98095703125,0.0,1.32298,0.8123154296875,2.45763671875,1,1,1,1,5,2.30976,,,2001.70703125,229.15234375,2018-06-04 10:45:10
185946404262,o-1z8xtzcqe7w0fa28x,1.433408203125,13.84052734375,0.0763176,1.31624,0.980517578125,4.68697265625,1,1,1,1,5,1.9136,,,2001.70703125,228.0859375,2018-06-04 10:00:13
185946404262,o-1z8xtzcqe7w0fa28x,0.661830078125,14.48564453125,0.0101297,1.34248,0.8546962890625,2.449892578125,1,1,1,1,5,2.43132,,,2001.70703125,235.94140625,2018-06-04 10:15:02
185946404262,o-1z8xtzcqe7w0fa28x,111.3740234375,18.9505859375,3.1403,1.53737,2.12640625,23.6791015625,1,1,1,1,5,5.15043,,,2001.70703125,78.76171875,2018-06-04 11:30:13
185946404262,o-1z8xtzcqe7w0fa28x,30.20703125,14.720703125,0.411411,1.41152,2.4734765625,45.53388671875,1,1,1,1,5,1.98333,,,2001.70703125,203.5078125,2018-06-04 11:00:14
185946404262,o-1z8xtzcqe7w0fa28x,830.43359375,123.6513671875,11.0137,2.39075,1.519931640625,88.978125,1,1,1,1,5,9.57082,,,2001.70703125,106.69921875,2018-06-04 11:15:05
185946404262,o-1z8xtzcqe7w0fa28x,5.139150390625,14.3419921875,0.183883,1.34399,0.9205693359375,2.54861328125,1,1,1,1,5,3.65826,,,2001.70703125,78.640625,2018-06-04 11:45:05
185946404262,o-1z8xtzcqe7w0fa28x,246.751953125,32.02666015625,40.5765,1.81283,1.186318359375,3.82853515625,1,1,1,1,5,7.21302,,,2001.70703125,86.5546875,2018-06-04 12:30:11
185946404262,o-1z8xtzcqe7w0fa28x,0.11706640625,15.01015625,0.0157589,1.3804,0.9669931640625,2.6709765625,1,1,1,1,5,3.03118,,,2001.70703125,86.703125,2018-06-04 12:45:02
185946404262,o-1z8xtzcqe7w0fa28x,1.521494140625,13.45283203125,0.194076,1.27947,1.0059375,3.223486328125,1,1,1,1,5,3.21614,,,2001.70703125,76.37109375,2018-06-04 12:00:12
185946404262,o-1z8xtzcqe7w0fa28x,0.5564443359375,14.4837890625,0.0381436,1.31831,1.0699609375,3.344638671875,1,1,1,1,5,3.71547,,,2001.70703125,74.609375,2018-06-04 12:15:04
185946404262,o-1z8xtzcqe7w0fa28x,0.21701171875,12.4451171875,0.0188223,1.21371,0.7839248046875,2.34720703125,1,1,1,1,5,1.69055,,,2001.70703125,99.34765625,2018-06-04 13:00:06
185946404262,o-1z8xtzcqe7w0fa28x,5.8677734375,14.900390625,0.186886,1.38222,0.8901689453125,12.05341796875,1,1,1,1,5,2.26139,,,2001.70703125,99.296875,2018-06-04 13:15:09
185946404262,o-1z8xtzcqe7w0fa28x,0.4425859375,16.60966796875,0.0165984,1.37111,1.002900390625,2.73478515625,1,1,1,1,5,2.55157,,,2001.70703125,96.57421875,2018-06-04 13:30:13
185946404262,o-1z8xtzcqe7w0fa28x,0.04422841796875,15.25185546875,0.00442327,1.3794,1.228505859375,6.163212890625,1,1,1,1,5,2.58797,,,2001.70703125,101.28125,2018-06-04 14:15:10
185946404262,o-1z8xtzcqe7w0fa28x,1.017197265625,16.9734375,0.164635,1.45345,1.08142578125,2.988671875,1,1,1,1,5,2.80913,,,2001.70703125,101.3671875,2018-06-04 14:30:14
185946404262,o-1z8xtzcqe7w0fa28x,1.4350390625,14.8103515625,0.101186,1.3031,1.05810546875,5.863544921875,1,1,1,1,5,2.45488,,,2001.70703125,104.078125,2018-06-04 14:45:03
185946404262,o-1z8xtzcqe7w0fa28x,0.954568359375,15.3462890625,0.118198,1.3906,0.8803603515625,4.148623046875,1,1,1,1,5,2.29978,,,2001.70703125,110.37109375,2018-06-04 13:45:02
185946404262,o-1z8xtzcqe7w0fa28x,4.965927734375,13.14287109375,0.0519128,1.25563,1.06640625,12.69658203125,1,1,1,1,5,1.82637,,,2001.70703125,94.2734375,2018-06-04 14:00:05
185946404262,o-1z8xtzcqe7w0fa28x,7.89767578125,14.7845703125,0.366855,1.36401,1.178896484375,7.7365625,1,1,1,1,5,2.40964,,,2001.70703125,101.11328125,2018-06-04 15:45:04
185946404262,o-1z8xtzcqe7w0fa28x,1.543798828125,15.701953125,0.0763102,1.38636,1.162607421875,4.25849609375,1,1,1,1,5,2.38972,,,2001.70703125,81.00390625,2018-06-04 15:15:11
185946404262,o-1z8xtzcqe7w0fa28x,3.22443359375,18.5333984375,0.228238,1.51636,1.058037109375,4.071220703125,1,1,1,1,5,2.79753,,,2001.70703125,94.4765625,2018-06-04 15:30:00
185946404262,o-1z8xtzcqe7w0fa28x,15.93369140625,14.26083984375,0.220008,1.39682,1.6712109375,29.61484375,1,1,1,1,5,2.01933,,,2001.70703125,89.26953125,2018-06-04 15:00:07
185946404262,o-1z8xtzcqe7w0fa28x,0.7038193359375,14.22900390625,0.0210293,1.33988,1.44146484375,5.896884765625,1,1,1,1,5,1.86151,,,2001.70703125,102.27734375,2018-06-04 16:00:07
185946404262,o-1z8xtzcqe7w0fa28x,0.01328388671875,14.62607421875,0.00221397,1.3521,1.061884765625,3.59796875,1,1,1,1,5,2.51407,,,2001.70703125,101.38671875,2018-06-04 16:15:11
185946404262,o-1z8xtzcqe7w0fa28x,81.56484375,19.03544921875,1.04188,1.54084,4.472236328125,136.5009765625,1,1,1,1,5,3.03388,,,2001.70703125,70.06640625,2018-06-04 16:30:00
185946404262,o-1z8xtzcqe7w0fa28x,8.59046875,14.7197265625,0.137235,1.35848,1.37982421875,16.09638671875,1,1,1,1,5,2.43792,,,2001.70703125,105.89453125,2018-06-04 17:45:05
185946404262,o-1z8xtzcqe7w0fa28x,0.91185546875,15.3734375,0.0852111,1.39617,1.268466796875,5.9709765625,1,1,1,1,5,2.61284,,,2001.70703125,76.00390625,2018-06-04 17:15:12
185946404262,o-1z8xtzcqe7w0fa28x,2.366552734375,18.0302734375,0.158649,1.47259,1.439091796875,7.1995703125,1,1,1,1,5,2.84911,,,2001.70703125,89.0625,2018-06-04 17:30:01
185946404262,o-1z8xtzcqe7w0fa28x,1.45626953125,14.990625,0.0276658,1.4325,1.191240234375,6.1625,1,1,1,1,5,2.4965,,,2001.70703125,79.8359375,2018-06-04 16:45:04
185946404262,o-1z8xtzcqe7w0fa28x,5.131259765625,14.7984375,0.182557,1.36339,2.219873046875,18.82080078125,1,1,1,1,5,2.06431,,,2001.70703125,82.0,2018-06-04 17:00:08
185946404262,o-1z8xtzcqe7w0fa28x,24.24365234375,17.15615234375,0.278688,1.59943,4.2149609375,56.208984375,1,1,1,1,5,2.85402,,,2001.70703125,95.5390625,2018-06-04 18:45:07
185946404262,o-1z8xtzcqe7w0fa28x,8.380595703125,14.73232421875,0.107339,1.37145,1.736494140625,29.56171875,1,1,1,1,5,2.07433,,,2001.70703125,94.42578125,2018-06-04 18:00:09
185946404262,o-1z8xtzcqe7w0fa28x,0.05313251953125,14.90263671875,0.00332078,1.38945,1.171513671875,5.59875,1,1,1,1,5,2.47298,,,2001.70703125,83.93359375,2018-06-04 18:15:13
185946404262,o-1z8xtzcqe7w0fa28x,10.04716796875,18.62919921875,0.258203,1.56608,2.24357421875,66.19736328125,1,1,1,1,5,3.08594,,,2001.70703125,81.859375,2018-06-04 18:30:02
185946404262,o-1z8xtzcqe7w0fa28x,3.5965625,15.92041015625,0.200259,1.46723,1.3307421875,9.6775390625,1,1,1,1,5,2.53563,,,2001.70703125,90.18359375,2018-06-04 19:15:14
185946404262,o-1z8xtzcqe7w0fa28x,13.31884765625,15.234765625,0.204725,1.41519,2.914345703125,40.96474609375,1,1,1,1,5,2.2129,,,2001.70703125,99.4921875,2018-06-04 19:00:10
185946404262,o-1z8xtzcqe7w0fa28x,6.620966796875,17.94853515625,1.18748,1.44532,1.332255859375,9.53046875,1,1,1,1,5,3.1815,,,2001.70703125,101.328125,2018-06-04 19:30:03
185946404262,o-1z8xtzcqe7w0fa28x,3.697099609375,14.59111328125,0.217775,1.32364,1.006142578125,8.555283203125,1,1,1,1,5,2.55229,,,2001.70703125,97.56640625,2018-06-04 19:45:07
185946404262,o-1z8xtzcqe7w0fa28x,2.215859375,13.65869140625,0.091787,1.27279,1.16130859375,8.444189453125,1,1,1,1,5,1.92404,,,2001.70703125,101.1015625,2018-06-04 20:00:11
185946404262,o-1z8xtzcqe7w0fa28x,385.4404296875,28.69287109375,14.2438,1.8462,3.073671875,35.0642578125,1,1,1,1,5,7.36967,,,2001.70703125,241.8671875,2018-06-04 20:30:04
185946404262,o-1z8xtzcqe7w0fa28x,20.22939453125,15.75380859375,1.7097,1.41212,1.149775390625,9.9005859375,1,1,1,1,5,2.69406,,,2001.70703125,228.625,2018-06-04 20:45:09
185946404262,o-1z8xtzcqe7w0fa28x,2.727236328125,16.2177734375,0.114762,1.43368,1.442314453125,18.9162109375,1,1,1,1,5,2.66224,,,2001.70703125,104.65625,2018-06-04 20:15:00
185946404262,o-1z8xtzcqe7w0fa28x,4.5185546875,14.762890625,0.192193,1.32967,1.03234375,12.87177734375,1,1,1,1,5,2.88611,,,2001.70703125,206.5625,2018-06-04 21:15:01
185946404262,o-1z8xtzcqe7w0fa28x,10.00986328125,14.28662109375,0.286661,1.36432,1.58544921875,32.11083984375,1,1,1,1,5,1.97896,,,2001.70703125,217.640625,2018-06-04 21:00:12
185946404262,o-1z8xtzcqe7w0fa28x,113.54296875,17.49208984375,5.73379,1.39823,1.1234765625,6.055556640625,1,1,1,1,5,4.08173,,,2001.70703125,111.02734375,2018-06-04 21:30:05
185946404262,o-1z8xtzcqe7w0fa28x,8.08453125,15.105078125,0.0695874,1.37094,1.1054296875,17.54140625,1,1,1,1,5,2.46296,,,2001.70703125,97.1328125,2018-06-04 21:45:09
185946404262,o-1z8xtzcqe7w0fa28x,0.464572265625,14.22041015625,0.0132748,1.31734,1.000810546875,3.679619140625,1,1,1,1,5,1.9892,,,2001.70703125,94.04296875,2018-06-04 22:00:13
185946404262,o-1z8xtzcqe7w0fa28x,23.2875,16.4982421875,0.282249,1.52073,2.463330078125,45.23857421875,1,1,1,1,5,2.88432,,,2001.70703125,92.984375,2018-06-04 22:15:02
185946404262,o-1z8xtzcqe7w0fa28x,186.64453125,959.3740234375,34.4874,59.0054,2.364365234375,38.97529296875,1,1,1,1,5,7.28342,,,2001.70703125,195.4375,2018-06-04 22:30:06
185946404262,o-1z8xtzcqe7w0fa28x,2.033818359375,14.99970703125,0.253049,1.40423,1.52287109375,3.773017578125,1,1,1,1,5,2.43556,,,2001.70703125,176.98828125,2018-06-04 23:15:03
185946404262,o-1z8xtzcqe7w0fa28x,16.78564453125,30.6580078125,0.75423,1.68717,4.660302734375,29.674609375,1,1,1,1,5,4.02436,,,2001.70703125,83.1015625,2018-06-04 23:45:12
185946404262,o-1z8xtzcqe7w0fa28x,63.78818359375,19.0271484375,2.73985,1.57569,1.218798828125,4.340556640625,1,1,1,1,5,3.49605,,,2001.70703125,110.1015625,2018-06-04 23:30:07
185946404262,o-1z8xtzcqe7w0fa28x,8.55828125,15.82314453125,0.649727,1.53749,1.799482421875,4.865419921875,1,1,1,1,5,2.71247,,,2001.70703125,181.90234375,2018-06-04 22:45:10
185946404262,o-1z8xtzcqe7w0fa28x,2.906962890625,16.08837890625,0.188012,1.50116,3.9216796875,6.128671875,1,1,1,1,5,2.17003,,,2001.70703125,185.45703125,2018-06-04 23:00:14
185946404262,o-1z8xtzcqe7w0fa28x,1.18013671875,15.02880859375,0.152552,1.37942,0.955248046875,2.65162109375,1,1,1,1,5,2.49112,,,2001.70703125,186.09375,2018-06-05 00:45:14
185946404262,o-1z8xtzcqe7w0fa28x,13.0232421875,15.93896484375,0.444062,1.54484,3.416015625,23.83818359375,1,1,1,1,5,2.52538,,,2001.70703125,205.37109375,2018-06-05 00:00:02
185946404262,o-1z8xtzcqe7w0fa28x,2.148125,16.95087890625,0.200637,1.57082,3.179775390625,8.393232421875,1,1,1,1,5,2.72148,,,2001.70703125,194.05078125,2018-06-05 00:15:06
185946404262,o-1z8xtzcqe7w0fa28x,2.16861328125,18.53740234375,0.267974,1.56951,2.441875,4.818173828125,1,1,1,1,5,3.01019,,,2001.70703125,187.3984375,2018-06-05 00:30:10
185946404262,o-1z8xtzcqe7w0fa28x,18.12197265625,14.99169921875,0.232799,1.48932,3.1628125,35.47744140625,1,1,1,1,5,2.18947,,,2001.70703125,164.18359375,2018-06-05 01:00:03
185946404262,o-1z8xtzcqe7w0fa28x,0.4427626953125,15.65849609375,0.0431655,1.39659,1.8953515625,4.8958203125,1,1,1,1,5,2.64082,,,2001.70703125,159.48828125,2018-06-05 01:15:07
