accountNumber,agentId,name,macAddress,family,ipAddress,gateway,netMask,timestamp
185946404262,o-3j4ftzagcxdyxro8j,ens192,00:50:56:01:1A:C4,Ipv4,192.168.92.66,0.0.0.0,255.255.255.0,2018-06-02 01:34:47
185946404262,o-3j4ftzagcxdyxro8j,virbr0,52:54:00:A6:C1:21,Ipv4,192.168.122.1,0.0.0.0,255.255.255.0,2018-06-02 01:34:47
185946404262,o-3j4ftzagcxdyxro8j,ens192,00:50:56:01:1A:C4,Ipv4,192.168.92.66,0.0.0.0,255.255.255.0,2018-06-02 01:51:06
185946404262,o-3j4ftzagcxdyxro8j,virbr0,52:54:00:A6:C1:21,Ipv4,192.168.122.1,0.0.0.0,255.255.255.0,2018-06-02 01:51:06
185946404262,o-3j4ftzagcxdyxro8j,ens192,00:50:56:01:1A:C4,Ipv4,192.168.92.66,0.0.0.0,255.255.255.0,2018-06-02 02:43:18
185946404262,o-3j4ftzagcxdyxro8j,virbr0,52:54:00:A6:C1:21,Ipv4,192.168.122.1,0.0.0.0,255.255.255.0,2018-06-02 02:43:18
185946404262,o-3j4ftzagcxdyxro8j,ens192,00:50:56:01:1A:C4,Ipv4,192.168.92.66,0.0.0.0,255.255.255.0,2018-06-02 02:25:55
185946404262,o-3j4ftzagcxdyxro8j,virbr0,52:54:00:A6:C1:21,Ipv4,192.168.122.1,0.0.0.0,255.255.255.0,2018-06-02 02:25:55
185946404262,o-3j4ftzagcxdyxro8j,ens192,00:50:56:01:1A:C4,Ipv4,192.168.92.66,0.0.0.0,255.255.255.0,2018-06-02 02:25:55
185946404262,o-3j4ftzagcxdyxro8j,virbr0,52:54:00:A6:C1:21,Ipv4,192.168.122.1,0.0.0.0,255.255.255.0,2018-06-02 02:25:55
185946404262,o-3j4ftzagcxdyxro8j,ens192,00:50:56:01:1A:C4,Ipv4,192.168.92.66,0.0.0.0,255.255.255.0,2018-06-02 02:08:28
185946404262,o-3j4ftzagcxdyxro8j,virbr0,52:54:00:A6:C1:21,Ipv4,192.168.122.1,0.0.0.0,255.255.255.0,2018-06-02 02:08:28
185946404262,o-3j4ftzagcxdyxro8j,ens192,00:50:56:01:1A:C4,Ipv4,192.168.92.66,0.0.0.0,255.255.255.0,2018-06-02 03:33:40
185946404262,o-3j4ftzagcxdyxro8j,virbr0,52:54:00:A6:C1:21,Ipv4,192.168.122.1,0.0.0.0,255.255.255.0,2018-06-02 03:33:40
185946404262,o-3j4ftzagcxdyxro8j,ens192,00:50:56:01:1A:C4,Ipv4,192.168.92.66,0.0.0.0,255.255.255.0,2018-06-02 03:17:11
185946404262,o-3j4ftzagcxdyxro8j,virbr0,52:54:00:A6:C1:21,Ipv4,192.168.122.1,0.0.0.0,255.255.255.0,2018-06-02 03:17:11
185946404262,o-3j4ftzagcxdyxro8j,ens192,00:50:56:01:1A:C4,Ipv4,192.168.92.66,0.0.0.0,255.255.255.0,2018-06-02 03:48:59
185946404262,o-3j4ftzagcxdyxro8j,virbr0,52:54:00:A6:C1:21,Ipv4,192.168.122.1,0.0.0.0,255.255.255.0,2018-06-02 03:48:59
185946404262,o-3j4ftzagcxdyxro8j,ens192,00:50:56:01:1A:C4,Ipv4,192.168.92.66,0.0.0.0,255.255.255.0,2018-06-02 03:00:42
185946404262,o-3j4ftzagcxdyxro8j,virbr0,52:54:00:A6:C1:21,Ipv4,192.168.122.1,0.0.0.0,255.255.255.0,2018-06-02 03:00:42
185946404262,o-3j4ftzagcxdyxro8j,ens192,00:50:56:01:1A:C4,Ipv4,192.168.92.66,0.0.0.0,255.255.255.0,2018-06-02 04:05:21
185946404262,o-3j4ftzagcxdyxro8j,virbr0,52:54:00:A6:C1:21,Ipv4,192.168.122.1,0.0.0.0,255.255.255.0,2018-06-02 04:05:21
185946404262,o-3j4ftzagcxdyxro8j,ens192,00:50:56:01:1A:C4,Ipv4,192.168.92.66,0.0.0.0,255.255.255.0,2018-06-02 04:22:47
185946404262,o-3j4ftzagcxdyxro8j,virbr0,52:54:00:A6:C1:21,Ipv4,192.168.122.1,0.0.0.0,255.255.255.0,2018-06-02 04:22:47
185946404262,o-3j4ftzagcxdyxro8j,ens192,00:50:56:01:1A:C4,Ipv4,192.168.92.66,0.0.0.0,255.255.255.0,2018-06-02 04:40:09
185946404262,o-3j4ftzagcxdyxro8j,virbr0,52:54:00:A6:C1:21,Ipv4,192.168.122.1,0.0.0.0,255.255.255.0,2018-06-02 04:40:09
185946404262,o-3j4ftzagcxdyxro8j,ens192,00:50:56:01:1A:C4,Ipv4,192.168.92.66,0.0.0.0,255.255.255.0,2018-06-02 04:40:09
185946404262,o-3j4ftzagcxdyxro8j,virbr0,52:54:00:A6:C1:21,Ipv4,192.168.122.1,0.0.0.0,255.255.255.0,2018-06-02 04:40:09
185946404262,o-3j4ftzagcxdyxro8j,ens192,00:50:56:01:1A:C4,Ipv4,192.168.92.66,0.0.0.0,255.255.255.0,2018-06-02 04:57:33
185946404262,o-3j4ftzagcxdyxro8j,virbr0,52:54:00:A6:C1:21,Ipv4,192.168.122.1,0.0.0.0,255.255.255.0,2018-06-02 04:57:33
185946404262,o-3j4ftzagcxdyxro8j,ens192,00:50:56:01:1A:C4,Ipv4,192.168.92.66,0.0.0.0,255.255.255.0,2018-06-02 05:14:52
185946404262,o-3j4ftzagcxdyxro8j,virbr0,52:54:00:A6:C1:21,Ipv4,192.168.122.1,0.0.0.0,255.255.255.0,2018-06-02 05:14:52
185946404262,o-3j4ftzagcxdyxro8j,ens192,00:50:56:01:1A:C4,Ipv4,192.168.92.66,0.0.0.0,255.255.255.0,2018-06-02 05:39:58
185946404262,o-3j4ftzagcxdyxro8j,virbr0,52:54:00:A6:C1:21,Ipv4,192.168.122.1,0.0.0.0,255.255.255.0,2018-06-02 05:39:58
185946404262,o-3j4ftzagcxdyxro8j,ens192,00:50:56:01:1A:C4,Ipv4,192.168.92.66,0.0.0.0,255.255.255.0,2018-06-02 05:39:58
185946404262,o-3j4ftzagcxdyxro8j,virbr0,52:54:00:A6:C1:21,Ipv4,192.168.122.1,0.0.0.0,255.255.255.0,2018-06-02 05:39:58
185946404262,o-3j4ftzagcxdyxro8j,ens192,00:50:56:01:1A:C4,Ipv4,192.168.92.66,0.0.0.0,255.255.255.0,2018-06-02 05:57:18
185946404262,o-3j4ftzagcxdyxro8j,virbr0,52:54:00:A6:C1:21,Ipv4,192.168.122.1,0.0.0.0,255.255.255.0,2018-06-02 05:57:18
185946404262,o-3j4ftzagcxdyxro8j,ens192,00:50:56:01:1A:C4,Ipv4,192.168.92.66,0.0.0.0,255.255.255.0,2018-06-02 06:13:42
185946404262,o-3j4ftzagcxdyxro8j,virbr0,52:54:00:A6:C1:21,Ipv4,192.168.122.1,0.0.0.0,255.255.255.0,2018-06-02 06:13:42
185946404262,o-3j4ftzagcxdyxro8j,ens192,00:50:56:01:1A:C4,Ipv4,192.168.92.66,0.0.0.0,255.255.255.0,2018-06-02 06:29:55
185946404262,o-3j4ftzagcxdyxro8j,virbr0,52:54:00:A6:C1:21,Ipv4,192.168.122.1,0.0.0.0,255.255.255.0,2018-06-02 06:29:55
185946404262,o-3j4ftzagcxdyxro8j,ens192,00:50:56:01:1A:C4,Ipv4,192.168.92.66,0.0.0.0,255.255.255.0,2018-06-02 06:47:29
185946404262,o-3j4ftzagcxdyxro8j,virbr0,52:54:00:A6:C1:21,Ipv4,192.168.122.1,0.0.0.0,255.255.255.0,2018-06-02 06:47:29
185946404262,o-3j4ftzagcxdyxro8j,ens192,00:50:56:01:1A:C4,Ipv4,192.168.92.66,0.0.0.0,255.255.255.0,2018-06-02 07:02:52
185946404262,o-3j4ftzagcxdyxro8j,virbr0,52:54:00:A6:C1:21,Ipv4,192.168.122.1,0.0.0.0,255.255.255.0,2018-06-02 07:02:52
185946404262,o-3j4ftzagcxdyxro8j,ens192,00:50:56:01:1A:C4,Ipv4,192.168.92.66,0.0.0.0,255.255.255.0,2018-06-02 07:52:09
185946404262,o-3j4ftzagcxdyxro8j,virbr0,52:54:00:A6:C1:21,Ipv4,192.168.122.1,0.0.0.0,255.255.255.0,2018-06-02 07:52:09
185946404262,o-3j4ftzagcxdyxro8j,ens192,00:50:56:01:1A:C4,Ipv4,192.168.92.66,0.0.0.0,255.255.255.0,2018-06-02 07:19:15
185946404262,o-3j4ftzagcxdyxro8j,virbr0,52:54:00:A6:C1:21,Ipv4,192.168.122.1,0.0.0.0,255.255.255.0,2018-06-02 07:19:15
185946404262,o-3j4ftzagcxdyxro8j,ens192,00:50:56:01:1A:C4,Ipv4,192.168.92.66,0.0.0.0,255.255.255.0,2018-06-02 07:34:32
185946404262,o-3j4ftzagcxdyxro8j,virbr0,52:54:00:A6:C1:21,Ipv4,192.168.122.1,0.0.0.0,255.255.255.0,2018-06-02 07:34:32
185946404262,o-3j4ftzagcxdyxro8j,ens192,00:50:56:01:1A:C4,Ipv4,192.168.92.66,0.0.0.0,255.255.255.0,2018-06-02 08:08:29
185946404262,o-3j4ftzagcxdyxro8j,virbr0,52:54:00:A6:C1:21,Ipv4,192.168.122.1,0.0.0.0,255.255.255.0,2018-06-02 08:08:29
185946404262,o-3j4ftzagcxdyxro8j,ens192,00:50:56:01:1A:C4,Ipv4,192.168.92.66,0.0.0.0,255.255.255.0,2018-06-02 08:42:12
185946404262,o-3j4ftzagcxdyxro8j,virbr0,52:54:00:A6:C1:21,Ipv4,192.168.122.1,0.0.0.0,255.255.255.0,2018-06-02 08:42:12
185946404262,o-3j4ftzagcxdyxro8j,ens192,00:50:56:01:1A:C4,Ipv4,192.168.92.66,0.0.0.0,255.255.255.0,2018-06-02 08:24:48
185946404262,o-3j4ftzagcxdyxro8j,virbr0,52:54:00:A6:C1:21,Ipv4,192.168.122.1,0.0.0.0,255.255.255.0,2018-06-02 08:24:48
185946404262,o-3j4ftzagcxdyxro8j,ens192,00:50:56:01:1A:C4,Ipv4,192.168.92.66,0.0.0.0,255.255.255.0,2018-06-02 08:24:48
185946404262,o-3j4ftzagcxdyxro8j,virbr0,52:54:00:A6:C1:21,Ipv4,192.168.122.1,0.0.0.0,255.255.255.0,2018-06-02 08:24:48
185946404262,o-3j4ftzagcxdyxro8j,ens192,00:50:56:01:1A:C4,Ipv4,192.168.92.66,0.0.0.0,255.255.255.0,2018-06-02 09:00:42
185946404262,o-3j4ftzagcxdyxro8j,virbr0,52:54:00:A6:C1:21,Ipv4,192.168.122.1,0.0.0.0,255.255.255.0,2018-06-02 09:00:42
185946404262,o-3j4ftzagcxdyxro8j,ens192,00:50:56:01:1A:C4,Ipv4,192.168.92.66,0.0.0.0,255.255.255.0,2018-06-02 09:33:30
185946404262,o-3j4ftzagcxdyxro8j,virbr0,52:54:00:A6:C1:21,Ipv4,192.168.122.1,0.0.0.0,255.255.255.0,2018-06-02 09:33:30
185946404262,o-3j4ftzagcxdyxro8j,ens192,00:50:56:01:1A:C4,Ipv4,192.168.92.66,0.0.0.0,255.255.255.0,2018-06-02 09:49:53
185946404262,o-3j4ftzagcxdyxro8j,virbr0,52:54:00:A6:C1:21,Ipv4,192.168.122.1,0.0.0.0,255.255.255.0,2018-06-02 09:49:53
185946404262,o-3j4ftzagcxdyxro8j,ens192,00:50:56:01:1A:C4,Ipv4,192.168.92.66,0.0.0.0,255.255.255.0,2018-06-02 09:17:12
185946404262,o-3j4ftzagcxdyxro8j,virbr0,52:54:00:A6:C1:21,Ipv4,192.168.122.1,0.0.0.0,255.255.255.0,2018-06-02 09:17:12
185946404262,o-3j4ftzagcxdyxro8j,ens192,00:50:56:01:1A:C4,Ipv4,192.168.92.66,0.0.0.0,255.255.255.0,2018-06-02 10:55:10
185946404262,o-3j4ftzagcxdyxro8j,virbr0,52:54:00:A6:C1:21,Ipv4,192.168.122.1,0.0.0.0,255.255.255.0,2018-06-02 10:55:10
185946404262,o-3j4ftzagcxdyxro8j,ens192,00:50:56:01:1A:C4,Ipv4,192.168.92.66,0.0.0.0,255.255.255.0,2018-06-02 10:07:14
185946404262,o-3j4ftzagcxdyxro8j,virbr0,52:54:00:A6:C1:21,Ipv4,192.168.122.1,0.0.0.0,255.255.255.0,2018-06-02 10:07:14
185946404262,o-3j4ftzagcxdyxro8j,ens192,00:50:56:01:1A:C4,Ipv4,192.168.92.66,0.0.0.0,255.255.255.0,2018-06-02 10:24:37
185946404262,o-3j4ftzagcxdyxro8j,virbr0,52:54:00:A6:C1:21,Ipv4,192.168.122.1,0.0.0.0,255.255.255.0,2018-06-02 10:24:37
185946404262,o-3j4ftzagcxdyxro8j,ens192,00:50:56:01:1A:C4,Ipv4,192.168.92.66,0.0.0.0,255.255.255.0,2018-06-02 10:24:37
185946404262,o-3j4ftzagcxdyxro8j,virbr0,52:54:00:A6:C1:21,Ipv4,192.168.122.1,0.0.0.0,255.255.255.0,2018-06-02 10:24:37
185946404262,o-3j4ftzagcxdyxro8j,ens192,00:50:56:01:1A:C4,Ipv4,192.168.92.66,0.0.0.0,255.255.255.0,2018-06-02 10:39:56
185946404262,o-3j4ftzagcxdyxro8j,virbr0,52:54:00:A6:C1:21,Ipv4,192.168.122.1,0.0.0.0,255.255.255.0,2018-06-02 10:39:56
185946404262,o-3j4ftzagcxdyxro8j,ens192,00:50:56:01:1A:C4,Ipv4,192.168.92.66,0.0.0.0,255.255.255.0,2018-06-02 11:46:34
185946404262,o-3j4ftzagcxdyxro8j,virbr0,52:54:00:A6:C1:21,Ipv4,192.168.122.1,0.0.0.0,255.255.255.0,2018-06-02 11:46:34
185946404262,o-3j4ftzagcxdyxro8j,ens192,00:50:56:01:1A:C4,Ipv4,192.168.92.66,0.0.0.0,255.255.255.0,2018-06-02 11:10:25
185946404262,o-3j4ftzagcxdyxro8j,virbr0,52:54:00:A6:C1:21,Ipv4,192.168.122.1,0.0.0.0,255.255.255.0,2018-06-02 11:10:25
185946404262,o-3j4ftzagcxdyxro8j,ens192,00:50:56:01:1A:C4,Ipv4,192.168.92.66,0.0.0.0,255.255.255.0,2018-06-02 11:27:49
185946404262,o-3j4ftzagcxdyxro8j,virbr0,52:54:00:A6:C1:21,Ipv4,192.168.122.1,0.0.0.0,255.255.255.0,2018-06-02 11:27:49
185946404262,o-3j4ftzagcxdyxro8j,ens192,00:50:56:01:1A:C4,Ipv4,192.168.92.66,0.0.0.0,255.255.255.0,2018-06-02 12:20:24
185946404262,o-3j4ftzagcxdyxro8j,virbr0,52:54:00:A6:C1:21,Ipv4,192.168.122.1,0.0.0.0,255.255.255.0,2018-06-02 12:20:24
185946404262,o-3j4ftzagcxdyxro8j,ens192,00:50:56:01:1A:C4,Ipv4,192.168.92.66,0.0.0.0,255.255.255.0,2018-06-02 12:55:14
185946404262,o-3j4ftzagcxdyxro8j,virbr0,52:54:00:A6:C1:21,Ipv4,192.168.122.1,0.0.0.0,255.255.255.0,2018-06-02 12:55:14
185946404262,o-3j4ftzagcxdyxro8j,ens192,00:50:56:01:1A:C4,Ipv4,192.168.92.66,0.0.0.0,255.255.255.0,2018-06-02 12:55:14
185946404262,o-3j4ftzagcxdyxro8j,virbr0,52:54:00:A6:C1:21,Ipv4,192.168.122.1,0.0.0.0,255.255.255.0,2018-06-02 12:55:14
185946404262,o-3j4ftzagcxdyxro8j,ens192,00:50:56:01:1A:C4,Ipv4,192.168.92.66,0.0.0.0,255.255.255.0,2018-06-02 12:02:55
185946404262,o-3j4ftzagcxdyxro8j,virbr0,52:54:00:A6:C1:21,Ipv4,192.168.122.1,0.0.0.0,255.255.255.0,2018-06-02 12:02:55
185946404262,o-3j4ftzagcxdyxro8j,ens192,00:50:56:01:1A:C4,Ipv4,192.168.92.66,0.0.0.0,255.255.255.0,2018-06-02 12:37:51
185946404262,o-3j4ftzagcxdyxro8j,virbr0,52:54:00:A6:C1:21,Ipv4,192.168.122.1,0.0.0.0,255.255.255.0,2018-06-02 12:37:51
185946404262,o-3j4ftzagcxdyxro8j,ens192,00:50:56:01:1A:C4,Ipv4,192.168.92.66,0.0.0.0,255.255.255.0,2018-06-02 13:29:01
185946404262,o-3j4ftzagcxdyxro8j,virbr0,52:54:00:A6:C1:21,Ipv4,192.168.122.1,0.0.0.0,255.255.255.0,2018-06-02 13:29:01
185946404262,o-3j4ftzagcxdyxro8j,ens192,00:50:56:01:1A:C4,Ipv4,192.168.92.66,0.0.0.0,255.255.255.0,2018-06-02 13:46:31
185946404262,o-3j4ftzagcxdyxro8j,virbr0,52:54:00:A6:C1:21,Ipv4,192.168.122.1,0.0.0.0,255.255.255.0,2018-06-02 13:46:31
185946404262,o-3j4ftzagcxdyxro8j,ens192,00:50:56:01:1A:C4,Ipv4,192.168.92.66,0.0.0.0,255.255.255.0,2018-06-02 13:13:44
185946404262,o-3j4ftzagcxdyxro8j,virbr0,52:54:00:A6:C1:21,Ipv4,192.168.122.1,0.0.0.0,255.255.255.0,2018-06-02 13:13:44
185946404262,o-3j4ftzagcxdyxro8j,ens192,00:50:56:01:1A:C4,Ipv4,192.168.92.66,0.0.0.0,255.255.255.0,2018-06-02 14:55:39
185946404262,o-3j4ftzagcxdyxro8j,virbr0,52:54:00:A6:C1:21,Ipv4,192.168.122.1,0.0.0.0,255.255.255.0,2018-06-02 14:55:39
185946404262,o-3j4ftzagcxdyxro8j,ens192,00:50:56:01:1A:C4,Ipv4,192.168.92.66,0.0.0.0,255.255.255.0,2018-06-02 14:55:39
185946404262,o-3j4ftzagcxdyxro8j,virbr0,52:54:00:A6:C1:21,Ipv4,192.168.122.1,0.0.0.0,255.255.255.0,2018-06-02 14:55:39
185946404262,o-3j4ftzagcxdyxro8j,ens192,00:50:56:01:1A:C4,Ipv4,192.168.92.66,0.0.0.0,255.255.255.0,2018-06-02 14:04:03
185946404262,o-3j4ftzagcxdyxro8j,virbr0,52:54:00:A6:C1:21,Ipv4,192.168.122.1,0.0.0.0,255.255.255.0,2018-06-02 14:04:03
185946404262,o-3j4ftzagcxdyxro8j,ens192,00:50:56:01:1A:C4,Ipv4,192.168.92.66,0.0.0.0,255.255.255.0,2018-06-02 14:20:31
185946404262,o-3j4ftzagcxdyxro8j,virbr0,52:54:00:A6:C1:21,Ipv4,192.168.122.1,0.0.0.0,255.255.255.0,2018-06-02 14:20:31
185946404262,o-3j4ftzagcxdyxro8j,ens192,00:50:56:01:1A:C4,Ipv4,192.168.92.66,0.0.0.0,255.255.255.0,2018-06-02 14:38:14
185946404262,o-3j4ftzagcxdyxro8j,virbr0,52:54:00:A6:C1:21,Ipv4,192.168.122.1,0.0.0.0,255.255.255.0,2018-06-02 14:38:14
185946404262,o-3j4ftzagcxdyxro8j,ens192,00:50:56:01:1A:C4,Ipv4,192.168.92.66,0.0.0.0,255.255.255.0,2018-06-02 15:30:35
185946404262,o-3j4ftzagcxdyxro8j,virbr0,52:54:00:A6:C1:21,Ipv4,192.168.122.1,0.0.0.0,255.255.255.0,2018-06-02 15:30:35
185946404262,o-3j4ftzagcxdyxro8j,ens192,00:50:56:01:1A:C4,Ipv4,192.168.92.66,0.0.0.0,255.255.255.0,2018-06-02 15:13:06
185946404262,o-3j4ftzagcxdyxro8j,virbr0,52:54:00:A6:C1:21,Ipv4,192.168.122.1,0.0.0.0,255.255.255.0,2018-06-02 15:13:06
185946404262,o-3j4ftzagcxdyxro8j,ens192,00:50:56:01:1A:C4,Ipv4,192.168.92.66,0.0.0.0,255.255.255.0,2018-06-02 15:47:03
185946404262,o-3j4ftzagcxdyxro8j,virbr0,52:54:00:A6:C1:21,Ipv4,192.168.122.1,0.0.0.0,255.255.255.0,2018-06-02 15:47:03
185946404262,o-3j4ftzagcxdyxro8j,ens192,00:50:56:01:1A:C4,Ipv4,192.168.92.66,0.0.0.0,255.255.255.0,2018-06-02 16:54:19
185946404262,o-3j4ftzagcxdyxro8j,virbr0,52:54:00:A6:C1:21,Ipv4,192.168.122.1,0.0.0.0,255.255.255.0,2018-06-02 16:54:19
185946404262,o-3j4ftzagcxdyxro8j,ens192,00:50:56:01:1A:C4,Ipv4,192.168.92.66,0.0.0.0,255.255.255.0,2018-06-02 16:54:19
185946404262,o-3j4ftzagcxdyxro8j,virbr0,52:54:00:A6:C1:21,Ipv4,192.168.122.1,0.0.0.0,255.255.255.0,2018-06-02 16:54:19
185946404262,o-3j4ftzagcxdyxro8j,ens192,00:50:56:01:1A:C4,Ipv4,192.168.92.66,0.0.0.0,255.255.255.0,2018-06-02 16:21:46
185946404262,o-3j4ftzagcxdyxro8j,virbr0,52:54:00:A6:C1:21,Ipv4,192.168.122.1,0.0.0.0,255.255.255.0,2018-06-02 16:21:46
185946404262,o-3j4ftzagcxdyxro8j,ens192,00:50:56:01:1A:C4,Ipv4,192.168.92.66,0.0.0.0,255.255.255.0,2018-06-02 16:05:30
185946404262,o-3j4ftzagcxdyxro8j,virbr0,52:54:00:A6:C1:21,Ipv4,192.168.122.1,0.0.0.0,255.255.255.0,2018-06-02 16:05:30
185946404262,o-3j4ftzagcxdyxro8j,ens192,00:50:56:01:1A:C4,Ipv4,192.168.92.66,0.0.0.0,255.255.255.0,2018-06-02 16:38:05
185946404262,o-3j4ftzagcxdyxro8j,virbr0,52:54:00:A6:C1:21,Ipv4,192.168.122.1,0.0.0.0,255.255.255.0,2018-06-02 16:38:05
185946404262,o-3j4ftzagcxdyxro8j,ens192,00:50:56:01:1A:C4,Ipv4,192.168.92.66,0.0.0.0,255.255.255.0,2018-06-02 17:29:00
185946404262,o-3j4ftzagcxdyxro8j,virbr0,52:54:00:A6:C1:21,Ipv4,192.168.122.1,0.0.0.0,255.255.255.0,2018-06-02 17:29:00
185946404262,o-3j4ftzagcxdyxro8j,ens192,00:50:56:01:1A:C4,Ipv4,192.168.92.66,0.0.0.0,255.255.255.0,2018-06-02 17:10:35
185946404262,o-3j4ftzagcxdyxro8j,virbr0,52:54:00:A6:C1:21,Ipv4,192.168.122.1,0.0.0.0,255.255.255.0,2018-06-02 17:10:35
185946404262,o-3j4ftzagcxdyxro8j,ens192,00:50:56:01:1A:C4,Ipv4,192.168.92.66,0.0.0.0,255.255.255.0,2018-06-02 17:45:16
185946404262,o-3j4ftzagcxdyxro8j,virbr0,52:54:00:A6:C1:21,Ipv4,192.168.122.1,0.0.0.0,255.255.255.0,2018-06-02 17:45:16
185946404262,o-3j4ftzagcxdyxro8j,ens192,00:50:56:01:1A:C4,Ipv4,192.168.92.66,0.0.0.0,255.255.255.0,2018-06-02 18:36:34
185946404262,o-3j4ftzagcxdyxro8j,virbr0,52:54:00:A6:C1:21,Ipv4,192.168.122.1,0.0.0.0,255.255.255.0,2018-06-02 18:36:34
185946404262,o-3j4ftzagcxdyxro8j,ens192,00:50:56:01:1A:C4,Ipv4,192.168.92.66,0.0.0.0,255.255.255.0,2018-06-02 18:52:50
185946404262,o-3j4ftzagcxdyxro8j,virbr0,52:54:00:A6:C1:21,Ipv4,192.168.122.1,0.0.0.0,255.255.255.0,2018-06-02 18:52:50
185946404262,o-3j4ftzagcxdyxro8j,ens192,00:50:56:01:1A:C4,Ipv4,192.168.92.66,0.0.0.0,255.255.255.0,2018-06-02 18:20:18
185946404262,o-3j4ftzagcxdyxro8j,virbr0,52:54:00:A6:C1:21,Ipv4,192.168.122.1,0.0.0.0,255.255.255.0,2018-06-02 18:20:18
185946404262,o-3j4ftzagcxdyxro8j,ens192,00:50:56:01:1A:C4,Ipv4,192.168.92.66,0.0.0.0,255.255.255.0,2018-06-02 18:01:44
185946404262,o-3j4ftzagcxdyxro8j,virbr0,52:54:00:A6:C1:21,Ipv4,192.168.122.1,0.0.0.0,255.255.255.0,2018-06-02 18:01:44
185946404262,o-3j4ftzagcxdyxro8j,ens192,00:50:56:01:1A:C4,Ipv4,192.168.92.66,0.0.0.0,255.255.255.0,2018-06-02 19:09:07
185946404262,o-3j4ftzagcxdyxro8j,virbr0,52:54:00:A6:C1:21,Ipv4,192.168.122.1,0.0.0.0,255.255.255.0,2018-06-02 19:09:07
185946404262,o-3j4ftzagcxdyxro8j,ens192,00:50:56:01:1A:C4,Ipv4,192.168.92.66,0.0.0.0,255.255.255.0,2018-06-02 19:25:27
185946404262,o-3j4ftzagcxdyxro8j,virbr0,52:54:00:A6:C1:21,Ipv4,192.168.122.1,0.0.0.0,255.255.255.0,2018-06-02 19:25:27
185946404262,o-3j4ftzagcxdyxro8j,ens192,00:50:56:01:1A:C4,Ipv4,192.168.92.66,0.0.0.0,255.255.255.0,2018-06-02 19:25:27
185946404262,o-3j4ftzagcxdyxro8j,virbr0,52:54:00:A6:C1:21,Ipv4,192.168.122.1,0.0.0.0,255.255.255.0,2018-06-02 19:25:27
185946404262,o-3j4ftzagcxdyxro8j,ens192,00:50:56:01:1A:C4,Ipv4,192.168.92.66,0.0.0.0,255.255.255.0,2018-06-02 19:42:45
185946404262,o-3j4ftzagcxdyxro8j,virbr0,52:54:00:A6:C1:21,Ipv4,192.168.122.1,0.0.0.0,255.255.255.0,2018-06-02 19:42:45
185946404262,o-3j4ftzagcxdyxro8j,ens192,00:50:56:01:1A:C4,Ipv4,192.168.92.66,0.0.0.0,255.255.255.0,2018-06-02 20:34:05
185946404262,o-3j4ftzagcxdyxro8j,virbr0,52:54:00:A6:C1:21,Ipv4,192.168.122.1,0.0.0.0,255.255.255.0,2018-06-02 20:34:05
185946404262,o-3j4ftzagcxdyxro8j,ens192,00:50:56:01:1A:C4,Ipv4,192.168.92.66,0.0.0.0,255.255.255.0,2018-06-02 20:52:37
185946404262,o-3j4ftzagcxdyxro8j,virbr0,52:54:00:A6:C1:21,Ipv4,192.168.122.1,0.0.0.0,255.255.255.0,2018-06-02 20:52:37
185946404262,o-3j4ftzagcxdyxro8j,ens192,00:50:56:01:1A:C4,Ipv4,192.168.92.66,0.0.0.0,255.255.255.0,2018-06-02 20:01:09
185946404262,o-3j4ftzagcxdyxro8j,virbr0,52:54:00:A6:C1:21,Ipv4,192.168.122.1,0.0.0.0,255.255.255.0,2018-06-02 20:01:09
185946404262,o-3j4ftzagcxdyxro8j,ens192,00:50:56:01:1A:C4,Ipv4,192.168.92.66,0.0.0.0,255.255.255.0,2018-06-02 20:18:46
185946404262,o-3j4ftzagcxdyxro8j,virbr0,52:54:00:A6:C1:21,Ipv4,192.168.122.1,0.0.0.0,255.255.255.0,2018-06-02 20:18:46
185946404262,o-3j4ftzagcxdyxro8j,ens192,00:50:56:01:1A:C4,Ipv4,192.168.92.66,0.0.0.0,255.255.255.0,2018-06-02 21:27:29
185946404262,o-3j4ftzagcxdyxro8j,virbr0,52:54:00:A6:C1:21,Ipv4,192.168.122.1,0.0.0.0,255.255.255.0,2018-06-02 21:27:29
185946404262,o-3j4ftzagcxdyxro8j,ens192,00:50:56:01:1A:C4,Ipv4,192.168.92.66,0.0.0.0,255.255.255.0,2018-06-02 21:44:47
185946404262,o-3j4ftzagcxdyxro8j,virbr0,52:54:00:A6:C1:21,Ipv4,192.168.122.1,0.0.0.0,255.255.255.0,2018-06-02 21:44:47
185946404262,o-3j4ftzagcxdyxro8j,ens192,00:50:56:01:1A:C4,Ipv4,192.168.92.66,0.0.0.0,255.255.255.0,2018-06-02 21:11:07
185946404262,o-3j4ftzagcxdyxro8j,virbr0,52:54:00:A6:C1:21,Ipv4,192.168.122.1,0.0.0.0,255.255.255.0,2018-06-02 21:11:07
185946404262,o-3j4ftzagcxdyxro8j,ens192,00:50:56:01:1A:C4,Ipv4,192.168.92.66,0.0.0.0,255.255.255.0,2018-06-02 21:11:07
185946404262,o-3j4ftzagcxdyxro8j,virbr0,52:54:00:A6:C1:21,Ipv4,192.168.122.1,0.0.0.0,255.255.255.0,2018-06-02 21:11:07
185946404262,o-3j4ftzagcxdyxro8j,ens192,00:50:56:01:1A:C4,Ipv4,192.168.92.66,0.0.0.0,255.255.255.0,2018-06-02 22:36:57
185946404262,o-3j4ftzagcxdyxro8j,virbr0,52:54:00:A6:C1:21,Ipv4,192.168.122.1,0.0.0.0,255.255.255.0,2018-06-02 22:36:57
185946404262,o-3j4ftzagcxdyxro8j,ens192,00:50:56:01:1A:C4,Ipv4,192.168.92.66,0.0.0.0,255.255.255.0,2018-06-02 22:53:14
185946404262,o-3j4ftzagcxdyxro8j,virbr0,52:54:00:A6:C1:21,Ipv4,192.168.122.1,0.0.0.0,255.255.255.0,2018-06-02 22:53:14
185946404262,o-3j4ftzagcxdyxro8j,ens192,00:50:56:01:1A:C4,Ipv4,192.168.92.66,0.0.0.0,255.255.255.0,2018-06-02 22:03:22
185946404262,o-3j4ftzagcxdyxro8j,virbr0,52:54:00:A6:C1:21,Ipv4,192.168.122.1,0.0.0.0,255.255.255.0,2018-06-02 22:03:22
185946404262,o-3j4ftzagcxdyxro8j,ens192,00:50:56:01:1A:C4,Ipv4,192.168.92.66,0.0.0.0,255.255.255.0,2018-06-02 22:20:44
185946404262,o-3j4ftzagcxdyxro8j,virbr0,52:54:00:A6:C1:21,Ipv4,192.168.122.1,0.0.0.0,255.255.255.0,2018-06-02 22:20:44
185946404262,o-3j4ftzagcxdyxro8j,ens192,00:50:56:01:1A:C4,Ipv4,192.168.92.66,0.0.0.0,255.255.255.0,2018-06-02 23:44:11
185946404262,o-3j4ftzagcxdyxro8j,virbr0,52:54:00:A6:C1:21,Ipv4,192.168.122.1,0.0.0.0,255.255.255.0,2018-06-02 23:44:11
185946404262,o-3j4ftzagcxdyxro8j,ens192,00:50:56:01:1A:C4,Ipv4,192.168.92.66,0.0.0.0,255.255.255.0,2018-06-02 23:11:36
185946404262,o-3j4ftzagcxdyxro8j,virbr0,52:54:00:A6:C1:21,Ipv4,192.168.122.1,0.0.0.0,255.255.255.0,2018-06-02 23:11:36
185946404262,o-3j4ftzagcxdyxro8j,ens192,00:50:56:01:1A:C4,Ipv4,192.168.92.66,0.0.0.0,255.255.255.0,2018-06-02 23:11:36
185946404262,o-3j4ftzagcxdyxro8j,virbr0,52:54:00:A6:C1:21,Ipv4,192.168.122.1,0.0.0.0,255.255.255.0,2018-06-02 23:11:36
185946404262,o-3j4ftzagcxdyxro8j,ens192,00:50:56:01:1A:C4,Ipv4,192.168.92.66,0.0.0.0,255.255.255.0,2018-06-02 23:27:52
185946404262,o-3j4ftzagcxdyxro8j,virbr0,52:54:00:A6:C1:21,Ipv4,192.168.122.1,0.0.0.0,255.255.255.0,2018-06-02 23:27:52
185946404262,o-3j4ftzagcxdyxro8j,ens192,00:50:56:01:1A:C4,Ipv4,192.168.92.66,0.0.0.0,255.255.255.0,2018-06-03 00:52:48
185946404262,o-3j4ftzagcxdyxro8j,virbr0,52:54:00:A6:C1:21,Ipv4,192.168.122.1,0.0.0.0,255.255.255.0,2018-06-03 00:52:48
185946404262,o-3j4ftzagcxdyxro8j,ens192,00:50:56:01:1A:C4,Ipv4,192.168.92.66,0.0.0.0,255.255.255.0,2018-06-03 00:36:35
185946404262,o-3j4ftzagcxdyxro8j,virbr0,52:54:00:A6:C1:21,Ipv4,192.168.122.1,0.0.0.0,255.255.255.0,2018-06-03 00:36:35
185946404262,o-3j4ftzagcxdyxro8j,ens192,00:50:56:01:1A:C4,Ipv4,192.168.92.66,0.0.0.0,255.255.255.0,2018-06-03 00:19:13
185946404262,o-3j4ftzagcxdyxro8j,virbr0,52:54:00:A6:C1:21,Ipv4,192.168.122.1,0.0.0.0,255.255.255.0,2018-06-03 00:19:13
185946404262,o-3j4ftzagcxdyxro8j,ens192,00:50:56:01:1A:C4,Ipv4,192.168.92.66,0.0.0.0,255.255.255.0,2018-06-03 00:02:49
185946404262,o-3j4ftzagcxdyxro8j,virbr0,52:54:00:A6:C1:21,Ipv4,192.168.122.1,0.0.0.0,255.255.255.0,2018-06-03 00:02:49
185946404262,o-3j4ftzagcxdyxro8j,ens192,00:50:56:01:1A:C4,Ipv4,192.168.92.66,0.0.0.0,255.255.255.0,2018-06-03 01:59:33
185946404262,o-3j4ftzagcxdyxro8j,virbr0,52:54:00:A6:C1:21,Ipv4,192.168.122.1,0.0.0.0,255.255.255.0,2018-06-03 01:59:33
185946404262,o-3j4ftzagcxdyxro8j,ens192,00:50:56:01:1A:C4,Ipv4,192.168.92.66,0.0.0.0,255.255.255.0,2018-06-03 01:10:18
185946404262,o-3j4ftzagcxdyxro8j,virbr0,52:54:00:A6:C1:21,Ipv4,192.168.122.1,0.0.0.0,255.255.255.0,2018-06-03 01:10:18
185946404262,o-3j4ftzagcxdyxro8j,ens192,00:50:56:01:1A:C4,Ipv4,192.168.92.66,0.0.0.0,255.255.255.0,2018-06-03 01:10:18
185946404262,o-3j4ftzagcxdyxro8j,virbr0,52:54:00:A6:C1:21,Ipv4,192.168.122.1,0.0.0.0,255.255.255.0,2018-06-03 01:10:18
185946404262,o-3j4ftzagcxdyxro8j,ens192,00:50:56:01:1A:C4,Ipv4,192.168.92.66,0.0.0.0,255.255.255.0,2018-06-03 01:44:17
185946404262,o-3j4ftzagcxdyxro8j,virbr0,52:54:00:A6:C1:21,Ipv4,192.168.122.1,0.0.0.0,255.255.255.0,2018-06-03 01:44:17
185946404262,o-3j4ftzagcxdyxro8j,ens192,00:50:56:01:1A:C4,Ipv4,192.168.92.66,0.0.0.0,255.255.255.0,2018-06-03 01:26:48
185946404262,o-3j4ftzagcxdyxro8j,virbr0,52:54:00:A6:C1:21,Ipv4,192.168.122.1,0.0.0.0,255.255.255.0,2018-06-03 01:26:48
185946404262,o-3j4ftzagcxdyxro8j,ens192,00:50:56:01:1A:C4,Ipv4,192.168.92.66,0.0.0.0,255.255.255.0,2018-06-03 02:34:38
185946404262,o-3j4ftzagcxdyxro8j,virbr0,52:54:00:A6:C1:21,Ipv4,192.168.122.1,0.0.0.0,255.255.255.0,2018-06-03 02:34:38
185946404262,o-3j4ftzagcxdyxro8j,ens192,00:50:56:01:1A:C4,Ipv4,192.168.92.66,0.0.0.0,255.255.255.0,2018-06-03 02:18:11
185946404262,o-3j4ftzagcxdyxro8j,virbr0,52:54:00:A6:C1:21,Ipv4,192.168.122.1,0.0.0.0,255.255.255.0,2018-06-03 02:18:11
185946404262,o-3j4ftzagcxdyxro8j,ens192,00:50:56:01:1A:C4,Ipv4,192.168.92.66,0.0.0.0,255.255.255.0,2018-06-03 02:51:03
185946404262,o-3j4ftzagcxdyxro8j,virbr0,52:54:00:A6:C1:21,Ipv4,192.168.122.1,0.0.0.0,255.255.255.0,2018-06-03 02:51:03
185946404262,o-3j4ftzagcxdyxro8j,ens192,00:50:56:01:1A:C4,Ipv4,192.168.92.66,0.0.0.0,255.255.255.0,2018-06-03 03:25:54
185946404262,o-3j4ftzagcxdyxro8j,virbr0,52:54:00:A6:C1:21,Ipv4,192.168.122.1,0.0.0.0,255.255.255.0,2018-06-03 03:25:54
185946404262,o-3j4ftzagcxdyxro8j,ens192,00:50:56:01:1A:C4,Ipv4,192.168.92.66,0.0.0.0,255.255.255.0,2018-06-03 03:25:54
185946404262,o-3j4ftzagcxdyxro8j,virbr0,52:54:00:A6:C1:21,Ipv4,192.168.122.1,0.0.0.0,255.255.255.0,2018-06-03 03:25:54
185946404262,o-3j4ftzagcxdyxro8j,ens192,00:50:56:01:1A:C4,Ipv4,192.168.92.66,0.0.0.0,255.255.255.0,2018-06-03 03:43:16
185946404262,o-3j4ftzagcxdyxro8j,virbr0,52:54:00:A6:C1:21,Ipv4,192.168.122.1,0.0.0.0,255.255.255.0,2018-06-03 03:43:16
185946404262,o-3j4ftzagcxdyxro8j,ens192,00:50:56:01:1A:C4,Ipv4,192.168.92.66,0.0.0.0,255.255.255.0,2018-06-03 03:08:27
185946404262,o-3j4ftzagcxdyxro8j,virbr0,52:54:00:A6:C1:21,Ipv4,192.168.122.1,0.0.0.0,255.255.255.0,2018-06-03 03:08:27
185946404262,o-3j4ftzagcxdyxro8j,ens192,00:50:56:01:1A:C4,Ipv4,192.168.92.66,0.0.0.0,255.255.255.0,2018-06-03 03:59:35
185946404262,o-3j4ftzagcxdyxro8j,virbr0,52:54:00:A6:C1:21,Ipv4,192.168.122.1,0.0.0.0,255.255.255.0,2018-06-03 03:59:35
185946404262,o-3j4ftzagcxdyxro8j,ens192,00:50:56:01:1A:C4,Ipv4,192.168.92.66,0.0.0.0,255.255.255.0,2018-06-03 04:51:54
185946404262,o-3j4ftzagcxdyxro8j,virbr0,52:54:00:A6:C1:21,Ipv4,192.168.122.1,0.0.0.0,255.255.255.0,2018-06-03 04:51:54
185946404262,o-3j4ftzagcxdyxro8j,ens192,00:50:56:01:1A:C4,Ipv4,192.168.92.66,0.0.0.0,255.255.255.0,2018-06-03 04:17:06
185946404262,o-3j4ftzagcxdyxro8j,virbr0,52:54:00:A6:C1:21,Ipv4,192.168.122.1,0.0.0.0,255.255.255.0,2018-06-03 04:17:06
185946404262,o-3j4ftzagcxdyxro8j,ens192,00:50:56:01:1A:C4,Ipv4,192.168.92.66,0.0.0.0,255.255.255.0,2018-06-03 04:33:27
185946404262,o-3j4ftzagcxdyxro8j,virbr0,52:54:00:A6:C1:21,Ipv4,192.168.122.1,0.0.0.0,255.255.255.0,2018-06-03 04:33:27
185946404262,o-3j4ftzagcxdyxro8j,ens192,00:50:56:01:1A:C4,Ipv4,192.168.92.66,0.0.0.0,255.255.255.0,2018-06-03 05:38:47
185946404262,o-3j4ftzagcxdyxro8j,virbr0,52:54:00:A6:C1:21,Ipv4,192.168.122.1,0.0.0.0,255.255.255.0,2018-06-03 05:38:47
185946404262,o-3j4ftzagcxdyxro8j,ens192,00:50:56:01:1A:C4,Ipv4,192.168.92.66,0.0.0.0,255.255.255.0,2018-06-03 05:08:20
185946404262,o-3j4ftzagcxdyxro8j,virbr0,52:54:00:A6:C1:21,Ipv4,192.168.122.1,0.0.0.0,255.255.255.0,2018-06-03 05:08:20
185946404262,o-3j4ftzagcxdyxro8j,ens192,00:50:56:01:1A:C4,Ipv4,192.168.92.66,0.0.0.0,255.255.255.0,2018-06-03 05:23:36
185946404262,o-3j4ftzagcxdyxro8j,virbr0,52:54:00:A6:C1:21,Ipv4,192.168.122.1,0.0.0.0,255.255.255.0,2018-06-03 05:23:36
185946404262,o-3j4ftzagcxdyxro8j,ens192,00:50:56:01:1A:C4,Ipv4,192.168.92.66,0.0.0.0,255.255.255.0,2018-06-03 05:57:16
185946404262,o-3j4ftzagcxdyxro8j,virbr0,52:54:00:A6:C1:21,Ipv4,192.168.122.1,0.0.0.0,255.255.255.0,2018-06-03 05:57:16
185946404262,o-3j4ftzagcxdyxro8j,ens192,00:50:56:01:1A:C4,Ipv4,192.168.92.66,0.0.0.0,255.255.255.0,2018-06-03 05:57:16
185946404262,o-3j4ftzagcxdyxro8j,virbr0,52:54:00:A6:C1:21,Ipv4,192.168.122.1,0.0.0.0,255.255.255.0,2018-06-03 05:57:16
185946404262,o-3j4ftzagcxdyxro8j,ens192,00:50:56:01:1A:C4,Ipv4,192.168.92.66,0.0.0.0,255.255.255.0,2018-06-03 06:48:24
185946404262,o-3j4ftzagcxdyxro8j,virbr0,52:54:00:A6:C1:21,Ipv4,192.168.122.1,0.0.0.0,255.255.255.0,2018-06-03 06:48:24
185946404262,o-3j4ftzagcxdyxro8j,ens192,00:50:56:01:1A:C4,Ipv4,192.168.92.66,0.0.0.0,255.255.255.0,2018-06-03 06:14:41
185946404262,o-3j4ftzagcxdyxro8j,virbr0,52:54:00:A6:C1:21,Ipv4,192.168.122.1,0.0.0.0,255.255.255.0,2018-06-03 06:14:41
185946404262,o-3j4ftzagcxdyxro8j,ens192,00:50:56:01:1A:C4,Ipv4,192.168.92.66,0.0.0.0,255.255.255.0,2018-06-03 06:30:56
185946404262,o-3j4ftzagcxdyxro8j,virbr0,52:54:00:A6:C1:21,Ipv4,192.168.122.1,0.0.0.0,255.255.255.0,2018-06-03 06:30:56
185946404262,o-3j4ftzagcxdyxro8j,ens192,00:50:56:01:1A:C4,Ipv4,192.168.92.66,0.0.0.0,255.255.255.0,2018-06-03 07:41:42
185946404262,o-3j4ftzagcxdyxro8j,virbr0,52:54:00:A6:C1:21,Ipv4,192.168.122.1,0.0.0.0,255.255.255.0,2018-06-03 07:41:42
185946404262,o-3j4ftzagcxdyxro8j,ens192,00:50:56:01:1A:C4,Ipv4,192.168.92.66,0.0.0.0,255.255.255.0,2018-06-03 07:25:17
185946404262,o-3j4ftzagcxdyxro8j,virbr0,52:54:00:A6:C1:21,Ipv4,192.168.122.1,0.0.0.0,255.255.255.0,2018-06-03 07:25:17
185946404262,o-3j4ftzagcxdyxro8j,ens192,00:50:56:01:1A:C4,Ipv4,192.168.92.66,0.0.0.0,255.255.255.0,2018-06-03 07:25:17
185946404262,o-3j4ftzagcxdyxro8j,virbr0,52:54:00:A6:C1:21,Ipv4,192.168.122.1,0.0.0.0,255.255.255.0,2018-06-03 07:25:17
185946404262,o-3j4ftzagcxdyxro8j,ens192,00:50:56:01:1A:C4,Ipv4,192.168.92.66,0.0.0.0,255.255.255.0,2018-06-03 07:56:59
185946404262,o-3j4ftzagcxdyxro8j,virbr0,52:54:00:A6:C1:21,Ipv4,192.168.122.1,0.0.0.0,255.255.255.0,2018-06-03 07:56:59
185946404262,o-3j4ftzagcxdyxro8j,ens192,00:50:56:01:1A:C4,Ipv4,192.168.92.66,0.0.0.0,255.255.255.0,2018-06-03 07:06:50
185946404262,o-3j4ftzagcxdyxro8j,virbr0,52:54:00:A6:C1:21,Ipv4,192.168.122.1,0.0.0.0,255.255.255.0,2018-06-03 07:06:50
185946404262,o-3j4ftzagcxdyxro8j,ens192,00:50:56:01:1A:C4,Ipv4,192.168.92.66,0.0.0.0,255.255.255.0,2018-06-03 08:13:19
185946404262,o-3j4ftzagcxdyxro8j,virbr0,52:54:00:A6:C1:21,Ipv4,192.168.122.1,0.0.0.0,255.255.255.0,2018-06-03 08:13:19
185946404262,o-3j4ftzagcxdyxro8j,ens192,00:50:56:01:1A:C4,Ipv4,192.168.92.66,0.0.0.0,255.255.255.0,2018-06-03 08:47:15
185946404262,o-3j4ftzagcxdyxro8j,virbr0,52:54:00:A6:C1:21,Ipv4,192.168.122.1,0.0.0.0,255.255.255.0,2018-06-03 08:47:15
185946404262,o-3j4ftzagcxdyxro8j,ens192,00:50:56:01:1A:C4,Ipv4,192.168.92.66,0.0.0.0,255.255.255.0,2018-06-03 08:30:45
185946404262,o-3j4ftzagcxdyxro8j,virbr0,52:54:00:A6:C1:21,Ipv4,192.168.122.1,0.0.0.0,255.255.255.0,2018-06-03 08:30:45
185946404262,o-3j4ftzagcxdyxro8j,ens192,00:50:56:01:1A:C4,Ipv4,192.168.92.66,0.0.0.0,255.255.255.0,2018-06-03 09:04:37
185946404262,o-3j4ftzagcxdyxro8j,virbr0,52:54:00:A6:C1:21,Ipv4,192.168.122.1,0.0.0.0,255.255.255.0,2018-06-03 09:04:37
185946404262,o-3j4ftzagcxdyxro8j,ens192,00:50:56:01:1A:C4,Ipv4,192.168.92.66,0.0.0.0,255.255.255.0,2018-06-03 09:38:23
185946404262,o-3j4ftzagcxdyxro8j,virbr0,52:54:00:A6:C1:21,Ipv4,192.168.122.1,0.0.0.0,255.255.255.0,2018-06-03 09:38:23
185946404262,o-3j4ftzagcxdyxro8j,ens192,00:50:56:01:1A:C4,Ipv4,192.168.92.66,0.0.0.0,255.255.255.0,2018-06-03 09:21:56
185946404262,o-3j4ftzagcxdyxro8j,virbr0,52:54:00:A6:C1:21,Ipv4,192.168.122.1,0.0.0.0,255.255.255.0,2018-06-03 09:21:56
185946404262,o-3j4ftzagcxdyxro8j,ens192,00:50:56:01:1A:C4,Ipv4,192.168.92.66,0.0.0.0,255.255.255.0,2018-06-03 09:55:49
185946404262,o-3j4ftzagcxdyxro8j,virbr0,52:54:00:A6:C1:21,Ipv4,192.168.122.1,0.0.0.0,255.255.255.0,2018-06-03 09:55:49
185946404262,o-3j4ftzagcxdyxro8j,ens192,00:50:56:01:1A:C4,Ipv4,192.168.92.66,0.0.0.0,255.255.255.0,2018-06-03 09:55:49
185946404262,o-3j4ftzagcxdyxro8j,virbr0,52:54:00:A6:C1:21,Ipv4,192.168.122.1,0.0.0.0,255.255.255.0,2018-06-03 09:55:49
185946404262,o-3j4ftzagcxdyxro8j,ens192,00:50:56:01:1A:C4,Ipv4,192.168.92.66,0.0.0.0,255.255.255.0,2018-06-03 10:12:10
185946404262,o-3j4ftzagcxdyxro8j,virbr0,52:54:00:A6:C1:21,Ipv4,192.168.122.1,0.0.0.0,255.255.255.0,2018-06-03 10:12:10
185946404262,o-3j4ftzagcxdyxro8j,ens192,00:50:56:01:1A:C4,Ipv4,192.168.92.66,0.0.0.0,255.255.255.0,2018-06-03 10:27:22
185946404262,o-3j4ftzagcxdyxro8j,virbr0,52:54:00:A6:C1:21,Ipv4,192.168.122.1,0.0.0.0,255.255.255.0,2018-06-03 10:27:22
185946404262,o-3j4ftzagcxdyxro8j,ens192,00:50:56:01:1A:C4,Ipv4,192.168.92.66,0.0.0.0,255.255.255.0,2018-06-03 10:45:55
185946404262,o-3j4ftzagcxdyxro8j,virbr0,52:54:00:A6:C1:21,Ipv4,192.168.122.1,0.0.0.0,255.255.255.0,2018-06-03 10:45:55
185946404262,o-3j4ftzagcxdyxro8j,ens192,00:50:56:01:1A:C4,Ipv4,192.168.92.66,0.0.0.0,255.255.255.0,2018-06-03 11:04:29
185946404262,o-3j4ftzagcxdyxro8j,virbr0,52:54:00:A6:C1:21,Ipv4,192.168.122.1,0.0.0.0,255.255.255.0,2018-06-03 11:04:29
185946404262,o-3j4ftzagcxdyxro8j,ens192,00:50:56:01:1A:C4,Ipv4,192.168.92.66,0.0.0.0,255.255.255.0,2018-06-03 11:39:26
185946404262,o-3j4ftzagcxdyxro8j,virbr0,52:54:00:A6:C1:21,Ipv4,192.168.122.1,0.0.0.0,255.255.255.0,2018-06-03 11:39:26
185946404262,o-3j4ftzagcxdyxro8j,ens192,00:50:56:01:1A:C4,Ipv4,192.168.92.66,0.0.0.0,255.255.255.0,2018-06-03 11:21:54
185946404262,o-3j4ftzagcxdyxro8j,virbr0,52:54:00:A6:C1:21,Ipv4,192.168.122.1,0.0.0.0,255.255.255.0,2018-06-03 11:21:54
185946404262,o-3j4ftzagcxdyxro8j,ens192,00:50:56:01:1A:C4,Ipv4,192.168.92.66,0.0.0.0,255.255.255.0,2018-06-03 11:54:41
185946404262,o-3j4ftzagcxdyxro8j,virbr0,52:54:00:A6:C1:21,Ipv4,192.168.122.1,0.0.0.0,255.255.255.0,2018-06-03 11:54:41
185946404262,o-3j4ftzagcxdyxro8j,ens192,00:50:56:01:1A:C4,Ipv4,192.168.92.66,0.0.0.0,255.255.255.0,2018-06-03 11:54:41
185946404262,o-3j4ftzagcxdyxro8j,virbr0,52:54:00:A6:C1:21,Ipv4,192.168.122.1,0.0.0.0,255.255.255.0,2018-06-03 11:54:41
185946404262,o-3j4ftzagcxdyxro8j,ens192,00:50:56:01:1A:C4,Ipv4,192.168.92.66,0.0.0.0,255.255.255.0,2018-06-03 12:12:07
185946404262,o-3j4ftzagcxdyxro8j,virbr0,52:54:00:A6:C1:21,Ipv4,192.168.122.1,0.0.0.0,255.255.255.0,2018-06-03 12:12:07
185946404262,o-3j4ftzagcxdyxro8j,ens192,00:50:56:01:1A:C4,Ipv4,192.168.92.66,0.0.0.0,255.255.255.0,2018-06-03 12:45:50
185946404262,o-3j4ftzagcxdyxro8j,virbr0,52:54:00:A6:C1:21,Ipv4,192.168.122.1,0.0.0.0,255.255.255.0,2018-06-03 12:45:50
185946404262,o-3j4ftzagcxdyxro8j,ens192,00:50:56:01:1A:C4,Ipv4,192.168.92.66,0.0.0.0,255.255.255.0,2018-06-03 12:29:34
185946404262,o-3j4ftzagcxdyxro8j,virbr0,52:54:00:A6:C1:21,Ipv4,192.168.122.1,0.0.0.0,255.255.255.0,2018-06-03 12:29:34
185946404262,o-3j4ftzagcxdyxro8j,ens192,00:50:56:01:1A:C4,Ipv4,192.168.92.66,0.0.0.0,255.255.255.0,2018-06-03 13:05:38
185946404262,o-3j4ftzagcxdyxro8j,virbr0,52:54:00:A6:C1:21,Ipv4,192.168.122.1,0.0.0.0,255.255.255.0,2018-06-03 13:05:38
185946404262,o-3j4ftzagcxdyxro8j,ens192,00:50:56:01:1A:C4,Ipv4,192.168.92.66,0.0.0.0,255.255.255.0,2018-06-03 13:54:46
185946404262,o-3j4ftzagcxdyxro8j,virbr0,52:54:00:A6:C1:21,Ipv4,192.168.122.1,0.0.0.0,255.255.255.0,2018-06-03 13:54:46
185946404262,o-3j4ftzagcxdyxro8j,ens192,00:50:56:01:1A:C4,Ipv4,192.168.92.66,0.0.0.0,255.255.255.0,2018-06-03 13:54:46
185946404262,o-3j4ftzagcxdyxro8j,virbr0,52:54:00:A6:C1:21,Ipv4,192.168.122.1,0.0.0.0,255.255.255.0,2018-06-03 13:54:46
185946404262,o-3j4ftzagcxdyxro8j,ens192,00:50:56:01:1A:C4,Ipv4,192.168.92.66,0.0.0.0,255.255.255.0,2018-06-03 13:38:18
185946404262,o-3j4ftzagcxdyxro8j,virbr0,52:54:00:A6:C1:21,Ipv4,192.168.122.1,0.0.0.0,255.255.255.0,2018-06-03 13:38:18
185946404262,o-3j4ftzagcxdyxro8j,ens192,00:50:56:01:1A:C4,Ipv4,192.168.92.66,0.0.0.0,255.255.255.0,2018-06-03 13:20:55
185946404262,o-3j4ftzagcxdyxro8j,virbr0,52:54:00:A6:C1:21,Ipv4,192.168.122.1,0.0.0.0,255.255.255.0,2018-06-03 13:20:55
185946404262,o-3j4ftzagcxdyxro8j,ens192,00:50:56:01:1A:C4,Ipv4,192.168.92.66,0.0.0.0,255.255.255.0,2018-06-03 14:29:34
185946404262,o-3j4ftzagcxdyxro8j,virbr0,52:54:00:A6:C1:21,Ipv4,192.168.122.1,0.0.0.0,255.255.255.0,2018-06-03 14:29:34
185946404262,o-3j4ftzagcxdyxro8j,ens192,00:50:56:01:1A:C4,Ipv4,192.168.92.66,0.0.0.0,255.255.255.0,2018-06-03 14:47:12
185946404262,o-3j4ftzagcxdyxro8j,virbr0,52:54:00:A6:C1:21,Ipv4,192.168.122.1,0.0.0.0,255.255.255.0,2018-06-03 14:47:12
185946404262,o-3j4ftzagcxdyxro8j,ens192,00:50:56:01:1A:C4,Ipv4,192.168.92.66,0.0.0.0,255.255.255.0,2018-06-03 14:11:08
185946404262,o-3j4ftzagcxdyxro8j,virbr0,52:54:00:A6:C1:21,Ipv4,192.168.122.1,0.0.0.0,255.255.255.0,2018-06-03 14:11:08
185946404262,o-3j4ftzagcxdyxro8j,ens192,00:50:56:01:1A:C4,Ipv4,192.168.92.66,0.0.0.0,255.255.255.0,2018-06-03 15:04:35
185946404262,o-3j4ftzagcxdyxro8j,virbr0,52:54:00:A6:C1:21,Ipv4,192.168.122.1,0.0.0.0,255.255.255.0,2018-06-03 15:04:35
185946404262,o-3j4ftzagcxdyxro8j,ens192,00:50:56:01:1A:C4,Ipv4,192.168.92.66,0.0.0.0,255.255.255.0,2018-06-03 15:21:02
185946404262,o-3j4ftzagcxdyxro8j,virbr0,52:54:00:A6:C1:21,Ipv4,192.168.122.1,0.0.0.0,255.255.255.0,2018-06-03 15:21:02
185946404262,o-3j4ftzagcxdyxro8j,ens192,00:50:56:01:1A:C4,Ipv4,192.168.92.66,0.0.0.0,255.255.255.0,2018-06-03 15:38:26
185946404262,o-3j4ftzagcxdyxro8j,virbr0,52:54:00:A6:C1:21,Ipv4,192.168.122.1,0.0.0.0,255.255.255.0,2018-06-03 15:38:26
185946404262,o-3j4ftzagcxdyxro8j,ens192,00:50:56:01:1A:C4,Ipv4,192.168.92.66,0.0.0.0,255.255.255.0,2018-06-03 15:54:46
185946404262,o-3j4ftzagcxdyxro8j,virbr0,52:54:00:A6:C1:21,Ipv4,192.168.122.1,0.0.0.0,255.255.255.0,2018-06-03 15:54:46
185946404262,o-3j4ftzagcxdyxro8j,ens192,00:50:56:01:1A:C4,Ipv4,192.168.92.66,0.0.0.0,255.255.255.0,2018-06-03 15:54:46
185946404262,o-3j4ftzagcxdyxro8j,virbr0,52:54:00:A6:C1:21,Ipv4,192.168.122.1,0.0.0.0,255.255.255.0,2018-06-03 15:54:46
185946404262,o-3j4ftzagcxdyxro8j,ens192,00:50:56:01:1A:C4,Ipv4,192.168.92.66,0.0.0.0,255.255.255.0,2018-06-03 16:28:45
185946404262,o-3j4ftzagcxdyxro8j,virbr0,52:54:00:A6:C1:21,Ipv4,192.168.122.1,0.0.0.0,255.255.255.0,2018-06-03 16:28:45
185946404262,o-3j4ftzagcxdyxro8j,ens192,00:50:56:01:1A:C4,Ipv4,192.168.92.66,0.0.0.0,255.255.255.0,2018-06-03 16:46:00
185946404262,o-3j4ftzagcxdyxro8j,virbr0,52:54:00:A6:C1:21,Ipv4,192.168.122.1,0.0.0.0,255.255.255.0,2018-06-03 16:46:00
185946404262,o-3j4ftzagcxdyxro8j,ens192,00:50:56:01:1A:C4,Ipv4,192.168.92.66,0.0.0.0,255.255.255.0,2018-06-03 16:12:21
185946404262,o-3j4ftzagcxdyxro8j,virbr0,52:54:00:A6:C1:21,Ipv4,192.168.122.1,0.0.0.0,255.255.255.0,2018-06-03 16:12:21
185946404262,o-3j4ftzagcxdyxro8j,ens192,00:50:56:01:1A:C4,Ipv4,192.168.92.66,0.0.0.0,255.255.255.0,2018-06-03 17:02:24
185946404262,o-3j4ftzagcxdyxro8j,virbr0,52:54:00:A6:C1:21,Ipv4,192.168.122.1,0.0.0.0,255.255.255.0,2018-06-03 17:02:24
185946404262,o-3j4ftzagcxdyxro8j,ens192,00:50:56:01:1A:C4,Ipv4,192.168.92.66,0.0.0.0,255.255.255.0,2018-06-03 17:37:18
185946404262,o-3j4ftzagcxdyxro8j,virbr0,52:54:00:A6:C1:21,Ipv4,192.168.122.1,0.0.0.0,255.255.255.0,2018-06-03 17:37:18
185946404262,o-3j4ftzagcxdyxro8j,ens192,00:50:56:01:1A:C4,Ipv4,192.168.92.66,0.0.0.0,255.255.255.0,2018-06-03 17:20:56
185946404262,o-3j4ftzagcxdyxro8j,virbr0,52:54:00:A6:C1:21,Ipv4,192.168.122.1,0.0.0.0,255.255.255.0,2018-06-03 17:20:56
185946404262,o-3j4ftzagcxdyxro8j,ens192,00:50:56:01:1A:C4,Ipv4,192.168.92.66,0.0.0.0,255.255.255.0,2018-06-03 17:54:18
185946404262,o-3j4ftzagcxdyxro8j,virbr0,52:54:00:A6:C1:21,Ipv4,192.168.122.1,0.0.0.0,255.255.255.0,2018-06-03 17:54:18
185946404262,o-3j4ftzagcxdyxro8j,ens192,00:50:56:01:1A:C4,Ipv4,192.168.92.66,0.0.0.0,255.255.255.0,2018-06-03 17:54:18
185946404262,o-3j4ftzagcxdyxro8j,virbr0,52:54:00:A6:C1:21,Ipv4,192.168.122.1,0.0.0.0,255.255.255.0,2018-06-03 17:54:18
185946404262,o-3j4ftzagcxdyxro8j,ens192,00:50:56:01:1A:C4,Ipv4,192.168.92.66,0.0.0.0,255.255.255.0,2018-06-03 18:10:39
185946404262,o-3j4ftzagcxdyxro8j,virbr0,52:54:00:A6:C1:21,Ipv4,192.168.122.1,0.0.0.0,255.255.255.0,2018-06-03 18:10:39
185946404262,o-3j4ftzagcxdyxro8j,ens192,00:50:56:01:1A:C4,Ipv4,192.168.92.66,0.0.0.0,255.255.255.0,2018-06-03 18:26:59
185946404262,o-3j4ftzagcxdyxro8j,virbr0,52:54:00:A6:C1:21,Ipv4,192.168.122.1,0.0.0.0,255.255.255.0,2018-06-03 18:26:59
185946404262,o-3j4ftzagcxdyxro8j,ens192,00:50:56:01:1A:C4,Ipv4,192.168.92.66,0.0.0.0,255.255.255.0,2018-06-03 18:42:12
185946404262,o-3j4ftzagcxdyxro8j,virbr0,52:54:00:A6:C1:21,Ipv4,192.168.122.1,0.0.0.0,255.255.255.0,2018-06-03 18:42:12
185946404262,o-3j4ftzagcxdyxro8j,ens192,00:50:56:01:1A:C4,Ipv4,192.168.92.66,0.0.0.0,255.255.255.0,2018-06-03 18:59:37
185946404262,o-3j4ftzagcxdyxro8j,virbr0,52:54:00:A6:C1:21,Ipv4,192.168.122.1,0.0.0.0,255.255.255.0,2018-06-03 18:59:37
185946404262,o-3j4ftzagcxdyxro8j,ens192,00:50:56:01:1A:C4,Ipv4,192.168.92.66,0.0.0.0,255.255.255.0,2018-06-03 19:34:42
185946404262,o-3j4ftzagcxdyxro8j,virbr0,52:54:00:A6:C1:21,Ipv4,192.168.122.1,0.0.0.0,255.255.255.0,2018-06-03 19:34:42
185946404262,o-3j4ftzagcxdyxro8j,ens192,00:50:56:01:1A:C4,Ipv4,192.168.92.66,0.0.0.0,255.255.255.0,2018-06-03 19:51:00
185946404262,o-3j4ftzagcxdyxro8j,virbr0,52:54:00:A6:C1:21,Ipv4,192.168.122.1,0.0.0.0,255.255.255.0,2018-06-03 19:51:00
185946404262,o-3j4ftzagcxdyxro8j,ens192,00:50:56:01:1A:C4,Ipv4,192.168.92.66,0.0.0.0,255.255.255.0,2018-06-03 19:17:13
185946404262,o-3j4ftzagcxdyxro8j,virbr0,52:54:00:A6:C1:21,Ipv4,192.168.122.1,0.0.0.0,255.255.255.0,2018-06-03 19:17:13
185946404262,o-3j4ftzagcxdyxro8j,ens192,00:50:56:01:1A:C4,Ipv4,192.168.92.66,0.0.0.0,255.255.255.0,2018-06-03 20:06:13
185946404262,o-3j4ftzagcxdyxro8j,virbr0,52:54:00:A6:C1:21,Ipv4,192.168.122.1,0.0.0.0,255.255.255.0,2018-06-03 20:06:13
185946404262,o-3j4ftzagcxdyxro8j,ens192,00:50:56:01:1A:C4,Ipv4,192.168.92.66,0.0.0.0,255.255.255.0,2018-06-03 20:23:33
185946404262,o-3j4ftzagcxdyxro8j,virbr0,52:54:00:A6:C1:21,Ipv4,192.168.122.1,0.0.0.0,255.255.255.0,2018-06-03 20:23:33
185946404262,o-3j4ftzagcxdyxro8j,ens192,00:50:56:01:1A:C4,Ipv4,192.168.92.66,0.0.0.0,255.255.255.0,2018-06-03 20:43:02
185946404262,o-3j4ftzagcxdyxro8j,virbr0,52:54:00:A6:C1:21,Ipv4,192.168.122.1,0.0.0.0,255.255.255.0,2018-06-03 20:43:02
185946404262,o-3j4ftzagcxdyxro8j,ens192,00:50:56:01:1A:C4,Ipv4,192.168.92.66,0.0.0.0,255.255.255.0,2018-06-03 20:43:02
185946404262,o-3j4ftzagcxdyxro8j,virbr0,52:54:00:A6:C1:21,Ipv4,192.168.122.1,0.0.0.0,255.255.255.0,2018-06-03 20:43:02
185946404262,o-3j4ftzagcxdyxro8j,ens192,00:50:56:01:1A:C4,Ipv4,192.168.92.66,0.0.0.0,255.255.255.0,2018-06-03 20:58:16
185946404262,o-3j4ftzagcxdyxro8j,virbr0,52:54:00:A6:C1:21,Ipv4,192.168.122.1,0.0.0.0,255.255.255.0,2018-06-03 20:58:16
185946404262,o-3j4ftzagcxdyxro8j,ens192,00:50:56:01:1A:C4,Ipv4,192.168.92.66,0.0.0.0,255.255.255.0,2018-06-03 21:49:38
185946404262,o-3j4ftzagcxdyxro8j,virbr0,52:54:00:A6:C1:21,Ipv4,192.168.122.1,0.0.0.0,255.255.255.0,2018-06-03 21:49:38
185946404262,o-3j4ftzagcxdyxro8j,ens192,00:50:56:01:1A:C4,Ipv4,192.168.92.66,0.0.0.0,255.255.255.0,2018-06-03 21:14:34
185946404262,o-3j4ftzagcxdyxro8j,virbr0,52:54:00:A6:C1:21,Ipv4,192.168.122.1,0.0.0.0,255.255.255.0,2018-06-03 21:14:34
185946404262,o-3j4ftzagcxdyxro8j,ens192,00:50:56:01:1A:C4,Ipv4,192.168.92.66,0.0.0.0,255.255.255.0,2018-06-03 21:32:06
185946404262,o-3j4ftzagcxdyxro8j,virbr0,52:54:00:A6:C1:21,Ipv4,192.168.122.1,0.0.0.0,255.255.255.0,2018-06-03 21:32:06
185946404262,o-3j4ftzagcxdyxro8j,ens192,00:50:56:01:1A:C4,Ipv4,192.168.92.66,0.0.0.0,255.255.255.0,2018-06-03 22:27:46
185946404262,o-3j4ftzagcxdyxro8j,virbr0,52:54:00:A6:C1:21,Ipv4,192.168.122.1,0.0.0.0,255.255.255.0,2018-06-03 22:27:46
185946404262,o-3j4ftzagcxdyxro8j,ens192,00:50:56:01:1A:C4,Ipv4,192.168.92.66,0.0.0.0,255.255.255.0,2018-06-03 22:27:46
185946404262,o-3j4ftzagcxdyxro8j,virbr0,52:54:00:A6:C1:21,Ipv4,192.168.122.1,0.0.0.0,255.255.255.0,2018-06-03 22:27:46
185946404262,o-3j4ftzagcxdyxro8j,ens192,00:50:56:01:1A:C4,Ipv4,192.168.92.66,0.0.0.0,255.255.255.0,2018-06-03 22:09:10
185946404262,o-3j4ftzagcxdyxro8j,virbr0,52:54:00:A6:C1:21,Ipv4,192.168.122.1,0.0.0.0,255.255.255.0,2018-06-03 22:09:10
185946404262,o-3j4ftzagcxdyxro8j,ens192,00:50:56:01:1A:C4,Ipv4,192.168.92.66,0.0.0.0,255.255.255.0,2018-06-03 22:44:02
185946404262,o-3j4ftzagcxdyxro8j,virbr0,52:54:00:A6:C1:21,Ipv4,192.168.122.1,0.0.0.0,255.255.255.0,2018-06-03 22:44:02
185946404262,o-3j4ftzagcxdyxro8j,ens192,00:50:56:01:1A:C4,Ipv4,192.168.92.66,0.0.0.0,255.255.255.0,2018-06-03 23:01:32
185946404262,o-3j4ftzagcxdyxro8j,virbr0,52:54:00:A6:C1:21,Ipv4,192.168.122.1,0.0.0.0,255.255.255.0,2018-06-03 23:01:32
185946404262,o-3j4ftzagcxdyxro8j,ens192,00:50:56:01:1A:C4,Ipv4,192.168.92.66,0.0.0.0,255.255.255.0,2018-06-03 23:51:33
185946404262,o-3j4ftzagcxdyxro8j,virbr0,52:54:00:A6:C1:21,Ipv4,192.168.122.1,0.0.0.0,255.255.255.0,2018-06-03 23:51:33
185946404262,o-3j4ftzagcxdyxro8j,ens192,00:50:56:01:1A:C4,Ipv4,192.168.92.66,0.0.0.0,255.255.255.0,2018-06-03 23:35:11
185946404262,o-3j4ftzagcxdyxro8j,virbr0,52:54:00:A6:C1:21,Ipv4,192.168.122.1,0.0.0.0,255.255.255.0,2018-06-03 23:35:11
185946404262,o-3j4ftzagcxdyxro8j,ens192,00:50:56:01:1A:C4,Ipv4,192.168.92.66,0.0.0.0,255.255.255.0,2018-06-03 23:17:55
185946404262,o-3j4ftzagcxdyxro8j,virbr0,52:54:00:A6:C1:21,Ipv4,192.168.122.1,0.0.0.0,255.255.255.0,2018-06-03 23:17:55
185946404262,o-3j4ftzagcxdyxro8j,ens192,00:50:56:01:1A:C4,Ipv4,192.168.92.66,0.0.0.0,255.255.255.0,2018-06-04 00:07:50
185946404262,o-3j4ftzagcxdyxro8j,virbr0,52:54:00:A6:C1:21,Ipv4,192.168.122.1,0.0.0.0,255.255.255.0,2018-06-04 00:07:50
185946404262,o-3j4ftzagcxdyxro8j,ens192,00:50:56:01:1A:C4,Ipv4,192.168.92.66,0.0.0.0,255.255.255.0,2018-06-04 00:24:04
185946404262,o-3j4ftzagcxdyxro8j,virbr0,52:54:00:A6:C1:21,Ipv4,192.168.122.1,0.0.0.0,255.255.255.0,2018-06-04 00:24:04
185946404262,o-3j4ftzagcxdyxro8j,ens192,00:50:56:01:1A:C4,Ipv4,192.168.92.66,0.0.0.0,255.255.255.0,2018-06-04 00:39:17
185946404262,o-3j4ftzagcxdyxro8j,virbr0,52:54:00:A6:C1:21,Ipv4,192.168.122.1,0.0.0.0,255.255.255.0,2018-06-04 00:39:17
185946404262,o-3j4ftzagcxdyxro8j,ens192,00:50:56:01:1A:C4,Ipv4,192.168.92.66,0.0.0.0,255.255.255.0,2018-06-04 00:39:17
185946404262,o-3j4ftzagcxdyxro8j,virbr0,52:54:00:A6:C1:21,Ipv4,192.168.122.1,0.0.0.0,255.255.255.0,2018-06-04 00:39:17
185946404262,o-3j4ftzagcxdyxro8j,ens192,00:50:56:01:1A:C4,Ipv4,192.168.92.66,0.0.0.0,255.255.255.0,2018-06-04 00:56:40
185946404262,o-3j4ftzagcxdyxro8j,virbr0,52:54:00:A6:C1:21,Ipv4,192.168.122.1,0.0.0.0,255.255.255.0,2018-06-04 00:56:40
185946404262,o-3j4ftzagcxdyxro8j,ens192,00:50:56:01:1A:C4,Ipv4,192.168.92.66,0.0.0.0,255.255.255.0,2018-06-04 01:31:36
185946404262,o-3j4ftzagcxdyxro8j,virbr0,52:54:00:A6:C1:21,Ipv4,192.168.122.1,0.0.0.0,255.255.255.0,2018-06-04 01:31:36
185946404262,o-3j4ftzagcxdyxro8j,ens192,00:50:56:01:1A:C4,Ipv4,192.168.92.66,0.0.0.0,255.255.255.0,2018-06-04 01:14:05
185946404262,o-3j4ftzagcxdyxro8j,virbr0,52:54:00:A6:C1:21,Ipv4,192.168.122.1,0.0.0.0,255.255.255.0,2018-06-04 01:14:05
185946404262,o-3j4ftzagcxdyxro8j,ens192,00:50:56:01:1A:C4,Ipv4,192.168.92.66,0.0.0.0,255.255.255.0,2018-06-04 01:49:15
185946404262,o-3j4ftzagcxdyxro8j,virbr0,52:54:00:A6:C1:21,Ipv4,192.168.122.1,0.0.0.0,255.255.255.0,2018-06-04 01:49:15
185946404262,o-3j4ftzagcxdyxro8j,ens192,00:50:56:01:1A:C4,Ipv4,192.168.92.66,0.0.0.0,255.255.255.0,2018-06-04 02:22:03
185946404262,o-3j4ftzagcxdyxro8j,virbr0,52:54:00:A6:C1:21,Ipv4,192.168.122.1,0.0.0.0,255.255.255.0,2018-06-04 02:22:03
185946404262,o-3j4ftzagcxdyxro8j,ens192,00:50:56:01:1A:C4,Ipv4,192.168.92.66,0.0.0.0,255.255.255.0,2018-06-04 02:04:36
185946404262,o-3j4ftzagcxdyxro8j,virbr0,52:54:00:A6:C1:21,Ipv4,192.168.122.1,0.0.0.0,255.255.255.0,2018-06-04 02:04:36
185946404262,o-3j4ftzagcxdyxro8j,ens192,00:50:56:01:1A:C4,Ipv4,192.168.92.66,0.0.0.0,255.255.255.0,2018-06-04 02:39:24
185946404262,o-3j4ftzagcxdyxro8j,virbr0,52:54:00:A6:C1:21,Ipv4,192.168.122.1,0.0.0.0,255.255.255.0,2018-06-04 02:39:24
185946404262,o-3j4ftzagcxdyxro8j,ens192,00:50:56:01:1A:C4,Ipv4,192.168.92.66,0.0.0.0,255.255.255.0,2018-06-04 02:55:54
185946404262,o-3j4ftzagcxdyxro8j,virbr0,52:54:00:A6:C1:21,Ipv4,192.168.122.1,0.0.0.0,255.255.255.0,2018-06-04 02:55:54
185946404262,o-3j4ftzagcxdyxro8j,ens192,00:50:56:01:1A:C4,Ipv4,192.168.92.66,0.0.0.0,255.255.255.0,2018-06-04 02:55:54
185946404262,o-3j4ftzagcxdyxro8j,virbr0,52:54:00:A6:C1:21,Ipv4,192.168.122.1,0.0.0.0,255.255.255.0,2018-06-04 02:55:54
185946404262,o-3j4ftzagcxdyxro8j,ens192,00:50:56:01:1A:C4,Ipv4,192.168.92.66,0.0.0.0,255.255.255.0,2018-06-04 03:14:29
185946404262,o-3j4ftzagcxdyxro8j,virbr0,52:54:00:A6:C1:21,Ipv4,192.168.122.1,0.0.0.0,255.255.255.0,2018-06-04 03:14:29
185946404262,o-3j4ftzagcxdyxro8j,ens192,00:50:56:01:1A:C4,Ipv4,192.168.92.66,0.0.0.0,255.255.255.0,2018-06-04 03:30:50
185946404262,o-3j4ftzagcxdyxro8j,virbr0,52:54:00:A6:C1:21,Ipv4,192.168.122.1,0.0.0.0,255.255.255.0,2018-06-04 03:30:50
185946404262,o-3j4ftzagcxdyxro8j,ens192,00:50:56:01:1A:C4,Ipv4,192.168.92.66,0.0.0.0,255.255.255.0,2018-06-04 03:48:32
185946404262,o-3j4ftzagcxdyxro8j,virbr0,52:54:00:A6:C1:21,Ipv4,192.168.122.1,0.0.0.0,255.255.255.0,2018-06-04 03:48:32
185946404262,o-3j4ftzagcxdyxro8j,ens192,00:50:56:01:1A:C4,Ipv4,192.168.92.66,0.0.0.0,255.255.255.0,2018-06-04 04:37:41
185946404262,o-3j4ftzagcxdyxro8j,virbr0,52:54:00:A6:C1:21,Ipv4,192.168.122.1,0.0.0.0,255.255.255.0,2018-06-04 04:37:41
185946404262,o-3j4ftzagcxdyxro8j,ens192,00:50:56:01:1A:C4,Ipv4,192.168.92.66,0.0.0.0,255.255.255.0,2018-06-04 04:55:04
185946404262,o-3j4ftzagcxdyxro8j,virbr0,52:54:00:A6:C1:21,Ipv4,192.168.122.1,0.0.0.0,255.255.255.0,2018-06-04 04:55:04
185946404262,o-3j4ftzagcxdyxro8j,ens192,00:50:56:01:1A:C4,Ipv4,192.168.92.66,0.0.0.0,255.255.255.0,2018-06-04 04:55:04
185946404262,o-3j4ftzagcxdyxro8j,virbr0,52:54:00:A6:C1:21,Ipv4,192.168.122.1,0.0.0.0,255.255.255.0,2018-06-04 04:55:04
185946404262,o-3j4ftzagcxdyxro8j,ens192,00:50:56:01:1A:C4,Ipv4,192.168.92.66,0.0.0.0,255.255.255.0,2018-06-04 04:21:25
185946404262,o-3j4ftzagcxdyxro8j,virbr0,52:54:00:A6:C1:21,Ipv4,192.168.122.1,0.0.0.0,255.255.255.0,2018-06-04 04:21:25
185946404262,o-3j4ftzagcxdyxro8j,ens192,00:50:56:01:1A:C4,Ipv4,192.168.92.66,0.0.0.0,255.255.255.0,2018-06-04 04:05:00
185946404262,o-3j4ftzagcxdyxro8j,virbr0,52:54:00:A6:C1:21,Ipv4,192.168.122.1,0.0.0.0,255.255.255.0,2018-06-04 04:05:00
185946404262,o-3j4ftzagcxdyxro8j,ens192,00:50:56:01:1A:C4,Ipv4,192.168.92.66,0.0.0.0,255.255.255.0,2018-06-04 05:46:20
185946404262,o-3j4ftzagcxdyxro8j,virbr0,52:54:00:A6:C1:21,Ipv4,192.168.122.1,0.0.0.0,255.255.255.0,2018-06-04 05:46:20
185946404262,o-3j4ftzagcxdyxro8j,ens192,00:50:56:01:1A:C4,Ipv4,192.168.92.66,0.0.0.0,255.255.255.0,2018-06-04 05:29:57
185946404262,o-3j4ftzagcxdyxro8j,virbr0,52:54:00:A6:C1:21,Ipv4,192.168.122.1,0.0.0.0,255.255.255.0,2018-06-04 05:29:57
185946404262,o-3j4ftzagcxdyxro8j,ens192,00:50:56:01:1A:C4,Ipv4,192.168.92.66,0.0.0.0,255.255.255.0,2018-06-04 05:12:33
185946404262,o-3j4ftzagcxdyxro8j,virbr0,52:54:00:A6:C1:21,Ipv4,192.168.122.1,0.0.0.0,255.255.255.0,2018-06-04 05:12:33
185946404262,o-3j4ftzagcxdyxro8j,ens192,00:50:56:01:1A:C4,Ipv4,192.168.92.66,0.0.0.0,255.255.255.0,2018-06-04 06:20:16
185946404262,o-3j4ftzagcxdyxro8j,virbr0,52:54:00:A6:C1:21,Ipv4,192.168.122.1,0.0.0.0,255.255.255.0,2018-06-04 06:20:16
185946404262,o-3j4ftzagcxdyxro8j,ens192,00:50:56:01:1A:C4,Ipv4,192.168.92.66,0.0.0.0,255.255.255.0,2018-06-04 06:37:41
185946404262,o-3j4ftzagcxdyxro8j,virbr0,52:54:00:A6:C1:21,Ipv4,192.168.122.1,0.0.0.0,255.255.255.0,2018-06-04 06:37:41
185946404262,o-3j4ftzagcxdyxro8j,ens192,00:50:56:01:1A:C4,Ipv4,192.168.92.66,0.0.0.0,255.255.255.0,2018-06-04 06:56:10
185946404262,o-3j4ftzagcxdyxro8j,virbr0,52:54:00:A6:C1:21,Ipv4,192.168.122.1,0.0.0.0,255.255.255.0,2018-06-04 06:56:10
185946404262,o-3j4ftzagcxdyxro8j,ens192,00:50:56:01:1A:C4,Ipv4,192.168.92.66,0.0.0.0,255.255.255.0,2018-06-04 06:56:10
185946404262,o-3j4ftzagcxdyxro8j,virbr0,52:54:00:A6:C1:21,Ipv4,192.168.122.1,0.0.0.0,255.255.255.0,2018-06-04 06:56:10
185946404262,o-3j4ftzagcxdyxro8j,ens192,00:50:56:01:1A:C4,Ipv4,192.168.92.66,0.0.0.0,255.255.255.0,2018-06-04 06:03:56
185946404262,o-3j4ftzagcxdyxro8j,virbr0,52:54:00:A6:C1:21,Ipv4,192.168.122.1,0.0.0.0,255.255.255.0,2018-06-04 06:03:56
185946404262,o-3j4ftzagcxdyxro8j,ens192,00:50:56:01:1A:C4,Ipv4,192.168.92.66,0.0.0.0,255.255.255.0,2018-06-04 07:48:57
185946404262,o-3j4ftzagcxdyxro8j,virbr0,52:54:00:A6:C1:21,Ipv4,192.168.122.1,0.0.0.0,255.255.255.0,2018-06-04 07:48:57
185946404262,o-3j4ftzagcxdyxro8j,ens192,00:50:56:01:1A:C4,Ipv4,192.168.92.66,0.0.0.0,255.255.255.0,2018-06-04 07:32:31
185946404262,o-3j4ftzagcxdyxro8j,virbr0,52:54:00:A6:C1:21,Ipv4,192.168.122.1,0.0.0.0,255.255.255.0,2018-06-04 07:32:31
185946404262,o-3j4ftzagcxdyxro8j,ens192,00:50:56:01:1A:C4,Ipv4,192.168.92.66,0.0.0.0,255.255.255.0,2018-06-04 07:13:49
185946404262,o-3j4ftzagcxdyxro8j,virbr0,52:54:00:A6:C1:21,Ipv4,192.168.122.1,0.0.0.0,255.255.255.0,2018-06-04 07:13:49
185946404262,o-3j4ftzagcxdyxro8j,ens192,00:50:56:01:1A:C4,Ipv4,192.168.92.66,0.0.0.0,255.255.255.0,2018-06-04 08:38:58
185946404262,o-3j4ftzagcxdyxro8j,virbr0,52:54:00:A6:C1:21,Ipv4,192.168.122.1,0.0.0.0,255.255.255.0,2018-06-04 08:38:58
185946404262,o-3j4ftzagcxdyxro8j,ens192,00:50:56:01:1A:C4,Ipv4,192.168.92.66,0.0.0.0,255.255.255.0,2018-06-04 08:06:25
185946404262,o-3j4ftzagcxdyxro8j,virbr0,52:54:00:A6:C1:21,Ipv4,192.168.122.1,0.0.0.0,255.255.255.0,2018-06-04 08:06:25
185946404262,o-3j4ftzagcxdyxro8j,ens192,00:50:56:01:1A:C4,Ipv4,192.168.92.66,0.0.0.0,255.255.255.0,2018-06-04 08:57:21
185946404262,o-3j4ftzagcxdyxro8j,virbr0,52:54:00:A6:C1:21,Ipv4,192.168.122.1,0.0.0.0,255.255.255.0,2018-06-04 08:57:21
185946404262,o-3j4ftzagcxdyxro8j,ens192,00:50:56:01:1A:C4,Ipv4,192.168.92.66,0.0.0.0,255.255.255.0,2018-06-04 08:57:21
185946404262,o-3j4ftzagcxdyxro8j,virbr0,52:54:00:A6:C1:21,Ipv4,192.168.122.1,0.0.0.0,255.255.255.0,2018-06-04 08:57:21
185946404262,o-3j4ftzagcxdyxro8j,ens192,00:50:56:01:1A:C4,Ipv4,192.168.92.66,0.0.0.0,255.255.255.0,2018-06-04 08:23:42
185946404262,o-3j4ftzagcxdyxro8j,virbr0,52:54:00:A6:C1:21,Ipv4,192.168.122.1,0.0.0.0,255.255.255.0,2018-06-04 08:23:42
185946404262,o-3j4ftzagcxdyxro8j,ens192,00:50:56:01:1A:C4,Ipv4,192.168.92.66,0.0.0.0,255.255.255.0,2018-06-04 09:31:13
185946404262,o-3j4ftzagcxdyxro8j,virbr0,52:54:00:A6:C1:21,Ipv4,192.168.122.1,0.0.0.0,255.255.255.0,2018-06-04 09:31:13
185946404262,o-3j4ftzagcxdyxro8j,ens192,00:50:56:01:1A:C4,Ipv4,192.168.92.66,0.0.0.0,255.255.255.0,2018-06-04 09:13:44
185946404262,o-3j4ftzagcxdyxro8j,virbr0,52:54:00:A6:C1:21,Ipv4,192.168.122.1,0.0.0.0,255.255.255.0,2018-06-04 09:13:44
185946404262,o-3j4ftzagcxdyxro8j,ens192,00:50:56:01:1A:C4,Ipv4,192.168.92.66,0.0.0.0,255.255.255.0,2018-06-04 09:48:49
185946404262,o-3j4ftzagcxdyxro8j,virbr0,52:54:00:A6:C1:21,Ipv4,192.168.122.1,0.0.0.0,255.255.255.0,2018-06-04 09:48:49
185946404262,o-3j4ftzagcxdyxro8j,ens192,00:50:56:01:1A:C4,Ipv4,192.168.92.66,0.0.0.0,255.255.255.0,2018-06-04 10:04:06
185946404262,o-3j4ftzagcxdyxro8j,virbr0,52:54:00:A6:C1:21,Ipv4,192.168.122.1,0.0.0.0,255.255.255.0,2018-06-04 10:04:06
185946404262,o-3j4ftzagcxdyxro8j,ens192,00:50:56:01:1A:C4,Ipv4,192.168.92.66,0.0.0.0,255.255.255.0,2018-06-04 10:56:25
185946404262,o-3j4ftzagcxdyxro8j,virbr0,52:54:00:A6:C1:21,Ipv4,192.168.122.1,0.0.0.0,255.255.255.0,2018-06-04 10:56:25
185946404262,o-3j4ftzagcxdyxro8j,ens192,00:50:56:01:1A:C4,Ipv4,192.168.92.66,0.0.0.0,255.255.255.0,2018-06-04 10:40:06
185946404262,o-3j4ftzagcxdyxro8j,virbr0,52:54:00:A6:C1:21,Ipv4,192.168.122.1,0.0.0.0,255.255.255.0,2018-06-04 10:40:06
185946404262,o-3j4ftzagcxdyxro8j,ens192,00:50:56:01:1A:C4,Ipv4,192.168.92.66,0.0.0.0,255.255.255.0,2018-06-04 10:40:06
185946404262,o-3j4ftzagcxdyxro8j,virbr0,52:54:00:A6:C1:21,Ipv4,192.168.122.1,0.0.0.0,255.255.255.0,2018-06-04 10:40:06
185946404262,o-3j4ftzagcxdyxro8j,ens192,00:50:56:01:1A:C4,Ipv4,192.168.92.66,0.0.0.0,255.255.255.0,2018-06-04 10:22:39
185946404262,o-3j4ftzagcxdyxro8j,virbr0,52:54:00:A6:C1:21,Ipv4,192.168.122.1,0.0.0.0,255.255.255.0,2018-06-04 10:22:39
185946404262,o-3j4ftzagcxdyxro8j,ens192,00:50:56:01:1A:C4,Ipv4,192.168.92.66,0.0.0.0,255.255.255.0,2018-06-04 11:13:54
185946404262,o-3j4ftzagcxdyxro8j,virbr0,52:54:00:A6:C1:21,Ipv4,192.168.122.1,0.0.0.0,255.255.255.0,2018-06-04 11:13:54
185946404262,o-3j4ftzagcxdyxro8j,ens192,00:50:56:01:1A:C4,Ipv4,192.168.92.66,0.0.0.0,255.255.255.0,2018-06-04 11:47:49
185946404262,o-3j4ftzagcxdyxro8j,virbr0,52:54:00:A6:C1:21,Ipv4,192.168.122.1,0.0.0.0,255.255.255.0,2018-06-04 11:47:49
185946404262,o-3j4ftzagcxdyxro8j,ens192,00:50:56:01:1A:C4,Ipv4,192.168.92.66,0.0.0.0,255.255.255.0,2018-06-04 11:31:23
185946404262,o-3j4ftzagcxdyxro8j,virbr0,52:54:00:A6:C1:21,Ipv4,192.168.122.1,0.0.0.0,255.255.255.0,2018-06-04 11:31:23
185946404262,o-3j4ftzagcxdyxro8j,ens192,00:50:56:01:1A:C4,Ipv4,192.168.92.66,0.0.0.0,255.255.255.0,2018-06-04 12:56:30
185946404262,o-3j4ftzagcxdyxro8j,virbr0,52:54:00:A6:C1:21,Ipv4,192.168.122.1,0.0.0.0,255.255.255.0,2018-06-04 12:56:30
185946404262,o-3j4ftzagcxdyxro8j,ens192,00:50:56:01:1A:C4,Ipv4,192.168.92.66,0.0.0.0,255.255.255.0,2018-06-04 12:21:38
185946404262,o-3j4ftzagcxdyxro8j,virbr0,52:54:00:A6:C1:21,Ipv4,192.168.122.1,0.0.0.0,255.255.255.0,2018-06-04 12:21:38
185946404262,o-3j4ftzagcxdyxro8j,ens192,00:50:56:01:1A:C4,Ipv4,192.168.92.66,0.0.0.0,255.255.255.0,2018-06-04 12:39:03
185946404262,o-3j4ftzagcxdyxro8j,virbr0,52:54:00:A6:C1:21,Ipv4,192.168.122.1,0.0.0.0,255.255.255.0,2018-06-04 12:39:03
185946404262,o-3j4ftzagcxdyxro8j,ens192,00:50:56:01:1A:C4,Ipv4,192.168.92.66,0.0.0.0,255.255.255.0,2018-06-04 12:39:03
185946404262,o-3j4ftzagcxdyxro8j,virbr0,52:54:00:A6:C1:21,Ipv4,192.168.122.1,0.0.0.0,255.255.255.0,2018-06-04 12:39:03
185946404262,o-3j4ftzagcxdyxro8j,ens192,00:50:56:01:1A:C4,Ipv4,192.168.92.66,0.0.0.0,255.255.255.0,2018-06-04 12:04:11
185946404262,o-3j4ftzagcxdyxro8j,virbr0,52:54:00:A6:C1:21,Ipv4,192.168.122.1,0.0.0.0,255.255.255.0,2018-06-04 12:04:11
185946404262,o-3j4ftzagcxdyxro8j,ens192,00:50:56:01:1A:C4,Ipv4,192.168.92.66,0.0.0.0,255.255.255.0,2018-06-04 13:29:12
185946404262,o-3j4ftzagcxdyxro8j,virbr0,52:54:00:A6:C1:21,Ipv4,192.168.122.1,0.0.0.0,255.255.255.0,2018-06-04 13:29:12
185946404262,o-3j4ftzagcxdyxro8j,ens192,00:50:56:01:1A:C4,Ipv4,192.168.92.66,0.0.0.0,255.255.255.0,2018-06-04 13:11:48
185946404262,o-3j4ftzagcxdyxro8j,virbr0,52:54:00:A6:C1:21,Ipv4,192.168.122.1,0.0.0.0,255.255.255.0,2018-06-04 13:11:48
185946404262,o-3j4ftzagcxdyxro8j,ens192,00:50:56:01:1A:C4,Ipv4,192.168.92.66,0.0.0.0,255.255.255.0,2018-06-04 13:46:52
185946404262,o-3j4ftzagcxdyxro8j,virbr0,52:54:00:A6:C1:21,Ipv4,192.168.122.1,0.0.0.0,255.255.255.0,2018-06-04 13:46:52
185946404262,o-3j4ftzagcxdyxro8j,ens192,00:50:56:01:1A:C4,Ipv4,192.168.92.66,0.0.0.0,255.255.255.0,2018-06-04 14:39:25
185946404262,o-3j4ftzagcxdyxro8j,virbr0,52:54:00:A6:C1:21,Ipv4,192.168.122.1,0.0.0.0,255.255.255.0,2018-06-04 14:39:25
185946404262,o-3j4ftzagcxdyxro8j,ens192,00:50:56:01:1A:C4,Ipv4,192.168.92.66,0.0.0.0,255.255.255.0,2018-06-04 14:55:46
185946404262,o-3j4ftzagcxdyxro8j,virbr0,52:54:00:A6:C1:21,Ipv4,192.168.122.1,0.0.0.0,255.255.255.0,2018-06-04 14:55:46
185946404262,o-3j4ftzagcxdyxro8j,ens192,00:50:56:01:1A:C4,Ipv4,192.168.92.66,0.0.0.0,255.255.255.0,2018-06-04 14:55:46
185946404262,o-3j4ftzagcxdyxro8j,virbr0,52:54:00:A6:C1:21,Ipv4,192.168.122.1,0.0.0.0,255.255.255.0,2018-06-04 14:55:46
185946404262,o-3j4ftzagcxdyxro8j,ens192,00:50:56:01:1A:C4,Ipv4,192.168.92.66,0.0.0.0,255.255.255.0,2018-06-04 14:21:58
185946404262,o-3j4ftzagcxdyxro8j,virbr0,52:54:00:A6:C1:21,Ipv4,192.168.122.1,0.0.0.0,255.255.255.0,2018-06-04 14:21:58
185946404262,o-3j4ftzagcxdyxro8j,ens192,00:50:56:01:1A:C4,Ipv4,192.168.92.66,0.0.0.0,255.255.255.0,2018-06-04 14:04:29
185946404262,o-3j4ftzagcxdyxro8j,virbr0,52:54:00:A6:C1:21,Ipv4,192.168.122.1,0.0.0.0,255.255.255.0,2018-06-04 14:04:29
185946404262,o-3j4ftzagcxdyxro8j,ens192,00:50:56:01:1A:C4,Ipv4,192.168.92.66,0.0.0.0,255.255.255.0,2018-06-04 15:30:41
185946404262,o-3j4ftzagcxdyxro8j,virbr0,52:54:00:A6:C1:21,Ipv4,192.168.122.1,0.0.0.0,255.255.255.0,2018-06-04 15:30:41
185946404262,o-3j4ftzagcxdyxro8j,ens192,00:50:56:01:1A:C4,Ipv4,192.168.92.66,0.0.0.0,255.255.255.0,2018-06-04 15:47:08
185946404262,o-3j4ftzagcxdyxro8j,virbr0,52:54:00:A6:C1:21,Ipv4,192.168.122.1,0.0.0.0,255.255.255.0,2018-06-04 15:47:08
185946404262,o-3j4ftzagcxdyxro8j,ens192,00:50:56:01:1A:C4,Ipv4,192.168.92.66,0.0.0.0,255.255.255.0,2018-06-04 15:14:23
185946404262,o-3j4ftzagcxdyxro8j,virbr0,52:54:00:A6:C1:21,Ipv4,192.168.122.1,0.0.0.0,255.255.255.0,2018-06-04 15:14:23
185946404262,o-3j4ftzagcxdyxro8j,ens192,00:50:56:01:1A:C4,Ipv4,192.168.92.66,0.0.0.0,255.255.255.0,2018-06-04 16:20:07
185946404262,o-3j4ftzagcxdyxro8j,virbr0,52:54:00:A6:C1:21,Ipv4,192.168.122.1,0.0.0.0,255.255.255.0,2018-06-04 16:20:07
185946404262,o-3j4ftzagcxdyxro8j,ens192,00:50:56:01:1A:C4,Ipv4,192.168.92.66,0.0.0.0,255.255.255.0,2018-06-04 16:03:40
185946404262,o-3j4ftzagcxdyxro8j,virbr0,52:54:00:A6:C1:21,Ipv4,192.168.122.1,0.0.0.0,255.255.255.0,2018-06-04 16:03:40
185946404262,o-3j4ftzagcxdyxro8j,ens192,00:50:56:01:1A:C4,Ipv4,192.168.92.66,0.0.0.0,255.255.255.0,2018-06-04 16:36:33
185946404262,o-3j4ftzagcxdyxro8j,virbr0,52:54:00:A6:C1:21,Ipv4,192.168.122.1,0.0.0.0,255.255.255.0,2018-06-04 16:36:33
185946404262,o-3j4ftzagcxdyxro8j,ens192,00:50:56:01:1A:C4,Ipv4,192.168.92.66,0.0.0.0,255.255.255.0,2018-06-04 16:55:01
185946404262,o-3j4ftzagcxdyxro8j,virbr0,52:54:00:A6:C1:21,Ipv4,192.168.122.1,0.0.0.0,255.255.255.0,2018-06-04 16:55:01
185946404262,o-3j4ftzagcxdyxro8j,ens192,00:50:56:01:1A:C4,Ipv4,192.168.92.66,0.0.0.0,255.255.255.0,2018-06-04 16:55:01
185946404262,o-3j4ftzagcxdyxro8j,virbr0,52:54:00:A6:C1:21,Ipv4,192.168.122.1,0.0.0.0,255.255.255.0,2018-06-04 16:55:01
185946404262,o-3j4ftzagcxdyxro8j,ens192,00:50:56:01:1A:C4,Ipv4,192.168.92.66,0.0.0.0,255.255.255.0,2018-06-04 17:48:47
185946404262,o-3j4ftzagcxdyxro8j,virbr0,52:54:00:A6:C1:21,Ipv4,192.168.122.1,0.0.0.0,255.255.255.0,2018-06-04 17:48:47
185946404262,o-3j4ftzagcxdyxro8j,ens192,00:50:56:01:1A:C4,Ipv4,192.168.92.66,0.0.0.0,255.255.255.0,2018-06-04 17:31:04
185946404262,o-3j4ftzagcxdyxro8j,virbr0,52:54:00:A6:C1:21,Ipv4,192.168.122.1,0.0.0.0,255.255.255.0,2018-06-04 17:31:04
185946404262,o-3j4ftzagcxdyxro8j,ens192,00:50:56:01:1A:C4,Ipv4,192.168.92.66,0.0.0.0,255.255.255.0,2018-06-04 17:13:30
185946404262,o-3j4ftzagcxdyxro8j,virbr0,52:54:00:A6:C1:21,Ipv4,192.168.122.1,0.0.0.0,255.255.255.0,2018-06-04 17:13:30
185946404262,o-3j4ftzagcxdyxro8j,ens192,00:50:56:01:1A:C4,Ipv4,192.168.92.66,0.0.0.0,255.255.255.0,2018-06-04 18:05:17
185946404262,o-3j4ftzagcxdyxro8j,virbr0,52:54:00:A6:C1:21,Ipv4,192.168.122.1,0.0.0.0,255.255.255.0,2018-06-04 18:05:17
185946404262,o-3j4ftzagcxdyxro8j,ens192,00:50:56:01:1A:C4,Ipv4,192.168.92.66,0.0.0.0,255.255.255.0,2018-06-04 18:41:21
185946404262,o-3j4ftzagcxdyxro8j,virbr0,52:54:00:A6:C1:21,Ipv4,192.168.122.1,0.0.0.0,255.255.255.0,2018-06-04 18:41:21
185946404262,o-3j4ftzagcxdyxro8j,ens192,00:50:56:01:1A:C4,Ipv4,192.168.92.66,0.0.0.0,255.255.255.0,2018-06-04 18:41:21
185946404262,o-3j4ftzagcxdyxro8j,virbr0,52:54:00:A6:C1:21,Ipv4,192.168.122.1,0.0.0.0,255.255.255.0,2018-06-04 18:41:21
185946404262,o-3j4ftzagcxdyxro8j,ens192,00:50:56:01:1A:C4,Ipv4,192.168.92.66,0.0.0.0,255.255.255.0,2018-06-04 18:57:47
185946404262,o-3j4ftzagcxdyxro8j,virbr0,52:54:00:A6:C1:21,Ipv4,192.168.122.1,0.0.0.0,255.255.255.0,2018-06-04 18:57:47
185946404262,o-3j4ftzagcxdyxro8j,ens192,00:50:56:01:1A:C4,Ipv4,192.168.92.66,0.0.0.0,255.255.255.0,2018-06-04 18:22:50
185946404262,o-3j4ftzagcxdyxro8j,virbr0,52:54:00:A6:C1:21,Ipv4,192.168.122.1,0.0.0.0,255.255.255.0,2018-06-04 18:22:50
185946404262,o-3j4ftzagcxdyxro8j,ens192,00:50:56:01:1A:C4,Ipv4,192.168.92.66,0.0.0.0,255.255.255.0,2018-06-04 19:14:13
185946404262,o-3j4ftzagcxdyxro8j,virbr0,52:54:00:A6:C1:21,Ipv4,192.168.122.1,0.0.0.0,255.255.255.0,2018-06-04 19:14:13
185946404262,o-3j4ftzagcxdyxro8j,ens192,00:50:56:01:1A:C4,Ipv4,192.168.92.66,0.0.0.0,255.255.255.0,2018-06-04 19:31:38
185946404262,o-3j4ftzagcxdyxro8j,virbr0,52:54:00:A6:C1:21,Ipv4,192.168.122.1,0.0.0.0,255.255.255.0,2018-06-04 19:31:38
185946404262,o-3j4ftzagcxdyxro8j,ens192,00:50:56:01:1A:C4,Ipv4,192.168.92.66,0.0.0.0,255.255.255.0,2018-06-04 19:48:35
185946404262,o-3j4ftzagcxdyxro8j,virbr0,52:54:00:A6:C1:21,Ipv4,192.168.122.1,0.0.0.0,255.255.255.0,2018-06-04 19:48:35
185946404262,o-3j4ftzagcxdyxro8j,ens192,00:50:56:01:1A:C4,Ipv4,192.168.92.66,0.0.0.0,255.255.255.0,2018-06-04 20:04:51
185946404262,o-3j4ftzagcxdyxro8j,virbr0,52:54:00:A6:C1:21,Ipv4,192.168.122.1,0.0.0.0,255.255.255.0,2018-06-04 20:04:51
185946404262,o-3j4ftzagcxdyxro8j,ens192,00:50:56:01:1A:C4,Ipv4,192.168.92.66,0.0.0.0,255.255.255.0,2018-06-04 20:57:08
185946404262,o-3j4ftzagcxdyxro8j,virbr0,52:54:00:A6:C1:21,Ipv4,192.168.122.1,0.0.0.0,255.255.255.0,2018-06-04 20:57:08
185946404262,o-3j4ftzagcxdyxro8j,ens192,00:50:56:01:1A:C4,Ipv4,192.168.92.66,0.0.0.0,255.255.255.0,2018-06-04 20:40:41
185946404262,o-3j4ftzagcxdyxro8j,virbr0,52:54:00:A6:C1:21,Ipv4,192.168.122.1,0.0.0.0,255.255.255.0,2018-06-04 20:40:41
185946404262,o-3j4ftzagcxdyxro8j,ens192,00:50:56:01:1A:C4,Ipv4,192.168.92.66,0.0.0.0,255.255.255.0,2018-06-04 20:40:41
185946404262,o-3j4ftzagcxdyxro8j,virbr0,52:54:00:A6:C1:21,Ipv4,192.168.122.1,0.0.0.0,255.255.255.0,2018-06-04 20:40:41
185946404262,o-3j4ftzagcxdyxro8j,ens192,00:50:56:01:1A:C4,Ipv4,192.168.92.66,0.0.0.0,255.255.255.0,2018-06-04 20:22:13
185946404262,o-3j4ftzagcxdyxro8j,virbr0,52:54:00:A6:C1:21,Ipv4,192.168.122.1,0.0.0.0,255.255.255.0,2018-06-04 20:22:13
185946404262,o-3j4ftzagcxdyxro8j,ens192,00:50:56:01:1A:C4,Ipv4,192.168.92.66,0.0.0.0,255.255.255.0,2018-06-04 21:50:42
185946404262,o-3j4ftzagcxdyxro8j,virbr0,52:54:00:A6:C1:21,Ipv4,192.168.122.1,0.0.0.0,255.255.255.0,2018-06-04 21:50:42
185946404262,o-3j4ftzagcxdyxro8j,ens192,00:50:56:01:1A:C4,Ipv4,192.168.92.66,0.0.0.0,255.255.255.0,2018-06-04 21:16:43
185946404262,o-3j4ftzagcxdyxro8j,virbr0,52:54:00:A6:C1:21,Ipv4,192.168.122.1,0.0.0.0,255.255.255.0,2018-06-04 21:16:43
185946404262,o-3j4ftzagcxdyxro8j,ens192,00:50:56:01:1A:C4,Ipv4,192.168.92.66,0.0.0.0,255.255.255.0,2018-06-04 21:34:13
185946404262,o-3j4ftzagcxdyxro8j,virbr0,52:54:00:A6:C1:21,Ipv4,192.168.122.1,0.0.0.0,255.255.255.0,2018-06-04 21:34:13
185946404262,o-3j4ftzagcxdyxro8j,ens192,00:50:56:01:1A:C4,Ipv4,192.168.92.66,0.0.0.0,255.255.255.0,2018-06-04 22:59:23
185946404262,o-3j4ftzagcxdyxro8j,virbr0,52:54:00:A6:C1:21,Ipv4,192.168.122.1,0.0.0.0,255.255.255.0,2018-06-04 22:59:23
185946404262,o-3j4ftzagcxdyxro8j,ens192,00:50:56:01:1A:C4,Ipv4,192.168.92.66,0.0.0.0,255.255.255.0,2018-06-04 22:24:25
185946404262,o-3j4ftzagcxdyxro8j,virbr0,52:54:00:A6:C1:21,Ipv4,192.168.122.1,0.0.0.0,255.255.255.0,2018-06-04 22:24:25
185946404262,o-3j4ftzagcxdyxro8j,ens192,00:50:56:01:1A:C4,Ipv4,192.168.92.66,0.0.0.0,255.255.255.0,2018-06-04 22:24:25
185946404262,o-3j4ftzagcxdyxro8j,virbr0,52:54:00:A6:C1:21,Ipv4,192.168.122.1,0.0.0.0,255.255.255.0,2018-06-04 22:24:25
185946404262,o-3j4ftzagcxdyxro8j,ens192,00:50:56:01:1A:C4,Ipv4,192.168.92.66,0.0.0.0,255.255.255.0,2018-06-04 22:40:44
185946404262,o-3j4ftzagcxdyxro8j,virbr0,52:54:00:A6:C1:21,Ipv4,192.168.122.1,0.0.0.0,255.255.255.0,2018-06-04 22:40:44
185946404262,o-3j4ftzagcxdyxro8j,ens192,00:50:56:01:1A:C4,Ipv4,192.168.92.66,0.0.0.0,255.255.255.0,2018-06-04 22:08:11
185946404262,o-3j4ftzagcxdyxro8j,virbr0,52:54:00:A6:C1:21,Ipv4,192.168.122.1,0.0.0.0,255.255.255.0,2018-06-04 22:08:11
185946404262,o-3j4ftzagcxdyxro8j,ens192,00:50:56:01:1A:C4,Ipv4,192.168.92.66,0.0.0.0,255.255.255.0,2018-06-04 23:34:22
185946404262,o-3j4ftzagcxdyxro8j,virbr0,52:54:00:A6:C1:21,Ipv4,192.168.122.1,0.0.0.0,255.255.255.0,2018-06-04 23:34:22
185946404262,o-3j4ftzagcxdyxro8j,ens192,00:50:56:01:1A:C4,Ipv4,192.168.92.66,0.0.0.0,255.255.255.0,2018-06-04 23:50:35
185946404262,o-3j4ftzagcxdyxro8j,virbr0,52:54:00:A6:C1:21,Ipv4,192.168.122.1,0.0.0.0,255.255.255.0,2018-06-04 23:50:35
185946404262,o-3j4ftzagcxdyxro8j,ens192,00:50:56:01:1A:C4,Ipv4,192.168.92.66,0.0.0.0,255.255.255.0,2018-06-04 23:15:43
185946404262,o-3j4ftzagcxdyxro8j,virbr0,52:54:00:A6:C1:21,Ipv4,192.168.122.1,0.0.0.0,255.255.255.0,2018-06-04 23:15:43
185946404262,o-3j4ftzagcxdyxro8j,ens192,00:50:56:01:1A:C4,Ipv4,192.168.92.66,0.0.0.0,255.255.255.0,2018-06-05 00:24:10
185946404262,o-3j4ftzagcxdyxro8j,virbr0,52:54:00:A6:C1:21,Ipv4,192.168.122.1,0.0.0.0,255.255.255.0,2018-06-05 00:24:10
185946404262,o-3j4ftzagcxdyxro8j,ens192,00:50:56:01:1A:C4,Ipv4,192.168.92.66,0.0.0.0,255.255.255.0,2018-06-05 00:40:39
185946404262,o-3j4ftzagcxdyxro8j,virbr0,52:54:00:A6:C1:21,Ipv4,192.168.122.1,0.0.0.0,255.255.255.0,2018-06-05 00:40:39
185946404262,o-3j4ftzagcxdyxro8j,ens192,00:50:56:01:1A:C4,Ipv4,192.168.92.66,0.0.0.0,255.255.255.0,2018-06-05 00:40:39
185946404262,o-3j4ftzagcxdyxro8j,virbr0,52:54:00:A6:C1:21,Ipv4,192.168.122.1,0.0.0.0,255.255.255.0,2018-06-05 00:40:39
185946404262,o-3j4ftzagcxdyxro8j,ens192,00:50:56:01:1A:C4,Ipv4,192.168.92.66,0.0.0.0,255.255.255.0,2018-06-05 00:06:49
185946404262,o-3j4ftzagcxdyxro8j,virbr0,52:54:00:A6:C1:21,Ipv4,192.168.122.1,0.0.0.0,255.255.255.0,2018-06-05 00:06:49
185946404262,o-3j4ftzagcxdyxro8j,ens192,00:50:56:01:1A:C4,Ipv4,192.168.92.66,0.0.0.0,255.255.255.0,2018-06-05 01:17:00
185946404262,o-3j4ftzagcxdyxro8j,virbr0,52:54:00:A6:C1:21,Ipv4,192.168.122.1,0.0.0.0,255.255.255.0,2018-06-05 01:17:00
185946404262,o-3j4ftzagcxdyxro8j,ens192,00:50:56:01:1A:C4,Ipv4,192.168.92.66,0.0.0.0,255.255.255.0,2018-06-05 01:00:10
185946404262,o-3j4ftzagcxdyxro8j,virbr0,52:54:00:A6:C1:21,Ipv4,192.168.122.1,0.0.0.0,255.255.255.0,2018-06-05 01:00:10
185946404262,o-3j4ftzagcxdyxro8j,ens192,00:50:56:01:1A:C4,Ipv4,192.168.92.66,0.0.0.0,255.255.255.0,2018-06-05 01:34:24
185946404262,o-3j4ftzagcxdyxro8j,virbr0,52:54:00:A6:C1:21,Ipv4,192.168.122.1,0.0.0.0,255.255.255.0,2018-06-05 01:34:24
